Player Name,Date,Pitch ID,Pitch Type,Speed,Spin,Spin Efficiency (release),Spin Axis,VB (trajectory),HB (trajectory),Horizontal Angle,Release Angle,Release Height,Release Side,Gyro Degree (deg),Release Extension (ft),x0,y0,z0,Vx0 (f/s),Vy0 (f/s),Vz0 (f/s),ax0 (ft/s^2),ay0 (ft/s^2),az0 (ft/s^2),Serial Number,Note,Environment,Mode,Video Url,Unique ID,Device Serial Number,Horizontal Approach Angle,Vertical Approach Angle,Session Name,Intent Type
wake kouki,Sun Jun 21 2026 1:37:21 AM,1782005841,Fastball,112.66,1791.13,93.45,2:18,18.2,37.6,-3.76,2.94,1.13,0.92,20.85,1.865839,-0.86,15.67,1.17,1.97,-31.08,1.33,-2.89,3.77,-9.34,RCE20ZDCO26R,,-,GP,https://cloud.rapsodo.com/v2/shotVideo/3db0e258-af3c-43ae-951f-13dbb00fbf4c.mp4,1581241@1782005841,RCE20ZDCO26R,-,-,untitled,-
wake kouki,Sun Jun 21 2026 1:37:41 AM,1782005861,Fastball,114.13,1747.51,89.59,2:10,20.5,33.2,-5.48,2.31,1.07,0.88,26.38,1.8143559,-0.79,15.67,1.1,2.94,-31.33,0.98,-2.89,6.58,-9.69,RCE20ZDCO26R,,-,GP,https://cloud.rapsodo.com/v2/shotVideo/833de4f0-268f-4e7c-9013-d6014b8b838d.mp4,1581241@1782005861,RCE20ZDCO26R,-,-,untitled,-
wake kouki,Sun Jun 21 2026 1:37:59 AM,1782005879,Fastball,113.22,1779.78,94.74,1:56,29.2,32.3,-5.12,3.27,1.14,0.91,18.67,1.6090794,-0.81,15.67,1.21,2.71,-31.18,1.48,-2.49,2.67,-8.34,RCE20ZDCO26R,,-,GP,https://cloud.rapsodo.com/v2/shotVideo/77687804-d442-4de4-af52-b6a7a60a21b9.mp4,1581241@1782005879,RCE20ZDCO26R,-,-,untitled,-
wake kouki,Sun Jun 21 2026 1:38:11 AM,1782005891,Fastball,117.04,1834.92,87.16,1:42,31.1,20,-4.63,3.17,1.15,0.86,29.36,1.7141647,-0.77,15.67,1.21,2.55,-32.08,1.55,-2.03,8.33,-7.49,RCE20ZDCO26R,,-,GP,https://cloud.rapsodo.com/v2/shotVideo/47a5b24f-3125-464e-8bfa-10ad7cefecac.mp4,1581241@1782005891,RCE20ZDCO26R,-,-,untitled,-
wake kouki,Sun Jun 21 2026 1:38:43 AM,1782005923,Quick Fastball,110.06,1696.32,93.14,2:16,18.5,30.2,-3.83,1.94,1.11,0.86,21.35,2.0470028,-0.81,15.67,1.13,1.98,-30.37,0.83,-2.35,5.07,-8.57,RCE20ZDCO26R,,-,GP,https://cloud.rapsodo.com/v2/shotVideo/3b247db7-6d7f-4c40-b1e2-8a1fe86151a0.mp4,1581241@1782005923,RCE20ZDCO26R,-,-,untitled,-
wake kouki,Sun Jun 21 2026 1:39:07 AM,1782005947,Quick Fastball,113.28,1769.41,85.58,1:36,30.4,23.9,-4.65,2.84,1.07,0.83,31.15,0,-0.8,15.67,1.09,2.52,-31.23,1.41,-2.33,7.99,-11.98,RCE20ZDCO26R,,-,GP,https://cloud.rapsodo.com/v2/shotVideo/58626eef-4be8-4f45-9117-4480b7f0b415.mp4,1581241@1782005947,RCE20ZDCO26R,-,-,untitled,-
wake kouki,Sun Jun 21 2026 1:39:28 AM,1782005968,Quick Fastball,112.93,1767.96,86.71,1:44,28.3,19.9,-4.46,3.33,1.08,0.82,29.87,0,-0.78,15.67,1.1,2.41,-31.16,1.63,-1.82,4.28,-12.66,RCE20ZDCO26R,,-,GP,https://cloud.rapsodo.com/v2/shotVideo/e9ad29ac-63cb-41f3-ae75-6b822f182533.mp4,1581241@1782005968,RCE20ZDCO26R,-,-,untitled,-
wake kouki,Sun Jun 21 2026 1:39:56 AM,1782005996,Slider,100.01,2182.98,34.1,9:06,2,-31.4,-1.48,5.43,0.97,0.98,70.07,1.7059536,-0.95,15.67,1.07,0.77,-27.49,2.24,1.55,3.93,-10.24,RCE20ZDCO26R,,-,GP,https://cloud.rapsodo.com/v2/shotVideo/4a4151ed-cb3f-4c23-8278-178b118bd8dc.mp4,1581241@1782005996,RCE20ZDCO26R,-,-,untitled,-
wake kouki,Sun Jun 21 2026 1:40:17 AM,1782006017,Slider,98.71,2264.03,47.13,9:02,1.4,-44.5,-1.22,5.7,0.97,0.9,61.88,1.7961941,-0.88,15.67,1.06,0.66,-27.1,2.35,2.13,4.93,-10.52,RCE20ZDCO26R,,-,GP,https://cloud.rapsodo.com/v2/shotVideo/81fb6536-24e5-4f11-b04e-500331f577b6.mp4,1581241@1782006017,RCE20ZDCO26R,-,-,untitled,-
wake kouki,Sun Jun 21 2026 1:41:03 AM,1782006063,TwoSeamFastball,111.16,1617.43,94.07,1:52,26.6,45.1,-3.1,3.92,1.1,0.91,19.84,0,-0.84,15.67,1.19,1.53,-30.54,1.7,-3.08,4.73,-8.94,RCE20ZDCO26R,,-,GP,https://cloud.rapsodo.com/v2/shotVideo/1f82c403-e872-456c-90f1-debb6563d290.mp4,1581241@1782006063,RCE20ZDCO26R,-,-,untitled,-
wake kouki,Sun Jun 21 2026 1:41:23 AM,1782006083,TwoSeamFastball,112.6,1646.85,95.96,2:18,17.5,51.2,-3.07,4.28,1.11,0.93,16.35,0,-0.85,15.67,1.2,1.51,-30.88,1.94,-3.52,5.78,-8.51,RCE20ZDCO26R,,-,GP,https://cloud.rapsodo.com/v2/shotVideo/62258adf-4295-45a2-aead-eae0883e1d95.mp4,1581241@1782006083,RCE20ZDCO26R,-,-,untitled,-
wake kouki,Sun Jun 21 2026 1:42:34 AM,1782006154,sinker,110.18,1506.16,94.18,2:14,17.7,45.3,-2.35,5.17,1.13,0.91,19.64,0,-0.86,15.67,1.25,1.11,-30.2,2.38,-2.94,5.44,-8.03,RCE20ZDCO26R,,-,GP,https://cloud.rapsodo.com/v2/shotVideo/5e86ff0d-a315-4a65-bf60-51de7e2c3d3e.mp4,1581241@1782006154,RCE20ZDCO26R,-,-,untitled,-
wake kouki,Sun Jun 21 2026 1:42:54 AM,1782006174,sinker,109.91,1661.23,87.84,1:50,27.7,44.2,-2.64,5.02,1.11,0.9,28.55,1.5837288,-0.85,15.67,1.21,1.29,-30.17,2.35,-2.98,5.38,-8.38,RCE20ZDCO26R,,-,GP,https://cloud.rapsodo.com/v2/shotVideo/d6931000-38a4-43df-824e-4a36967eb9e3.mp4,1581241@1782006174,RCE20ZDCO26R,-,-,untitled,-
wake kouki,Sun Jun 21 2026 1:43:10 AM,1782006190,sinker,109.36,1714.71,93.47,2:00,25.8,45.4,-3.51,3.31,1.09,0.89,20.83,1.8307915,-0.84,15.67,1.14,1.76,-30.09,1.46,-3.21,5.72,-9.53,RCE20ZDCO26R,,-,GP,https://cloud.rapsodo.com/v2/shotVideo/18d409fb-5f9a-4480-8ba1-ae96c8214c4b.mp4,1581241@1782006190,RCE20ZDCO26R,-,-,untitled,-
hocchi kanta,Sun Jun 21 2026 1:53:09 AM,1782006789,Fastball,116.2,1694.09,69.44,12:14,37.6,-6,0.21,-0.08,1.55,0.04,46.02,1.7389336,-0.04,15.67,1.55,-0.1,-32.09,-0.27,0.45,5.85,-6.99,RCE20ZDCO26R,,-,GP,https://cloud.rapsodo.com/v2/shotVideo/a501c88f-a8bf-4779-b05f-df48029968a6.mp4,1603142@1782006789,RCE20ZDCO26R,-,-,untitled,-
hocchi kanta,Sun Jun 21 2026 1:53:50 AM,1782006830,Fastball,115.09,1692.6,86.37,12:00,44.9,-20.4,2.66,-0.68,1.51,0.05,30.26,0,-0.08,15.67,1.51,-1.45,-31.84,-0.54,1.76,4.99,-8.4,RCE20ZDCO26R,,-,GP,https://cloud.rapsodo.com/v2/shotVideo/c531cc4d-20ad-42fe-87e8-24e291fa45d0.mp4,1603142@1782006830,RCE20ZDCO26R,-,-,untitled,-
hocchi kanta,Sun Jun 21 2026 1:54:30 AM,1782006870,Fastball,115.32,1642.67,70.25,12:20,36.4,-2.4,1.35,-0.26,1.52,0.06,45.37,1.9540081,-0.08,15.67,1.52,-0.75,-31.88,-0.34,0.3,5.51,-7.69,RCE20ZDCO26R,,-,GP,https://cloud.rapsodo.com/v2/shotVideo/0e480bec-d14b-47a2-9b6c-8919956e4e2e.mp4,1603142@1782006870,RCE20ZDCO26R,-,-,untitled,-
hocchi kanta,Sun Jun 21 2026 1:55:14 AM,1782006914,Quick Fastball,111.8,1729.42,79.37,11:42,44.1,-8.6,0.78,-0.22,1.56,0.02,37.47,1.8314915,-0.03,15.67,1.55,-0.4,-30.92,-0.34,0.64,4.32,-7.29,RCE20ZDCO26R,,-,GP,https://cloud.rapsodo.com/v2/shotVideo/85b32a58-c344-45ef-bb9a-259e0df50f61.mp4,1603142@1782006914,RCE20ZDCO26R,-,-,untitled,-
hocchi kanta,Sun Jun 21 2026 1:56:22 AM,1782006982,Quick Fastball,115.38,1782.27,70.49,12:14,38.9,-15.7,0.31,-0.55,1.55,0.08,45.18,1.8884487,-0.08,15.67,1.54,-0.14,-31.91,-0.5,1.17,5.06,-7.06,RCE20ZDCO26R,,-,GP,https://cloud.rapsodo.com/v2/shotVideo/eca2d86c-c6b6-4458-b23d-89ea4160e0c0.mp4,1603142@1782006982,RCE20ZDCO26R,-,-,untitled,-
hocchi kanta,Sun Jun 21 2026 1:56:58 AM,1782007018,Slider,106.7,2020.52,26.96,6:16,-15.9,-15.3,-0.84,1.95,1.5,0.14,74.36,1.7546482,-0.12,15.67,1.53,0.46,-29.48,0.67,0.88,4,-9.92,RCE20ZDCO26R,,-,GP,https://cloud.rapsodo.com/v2/shotVideo/4abf1be1-3c26-4554-935a-a68ffddcb48a.mp4,1603142@1782007018,RCE20ZDCO26R,-,-,untitled,-
hocchi kanta,Sun Jun 21 2026 1:57:19 AM,1782007039,Slider,107.36,2017.98,47.99,6:12,-29,-6.4,-0.25,3.06,1.5,0.19,61.32,1.7693729,-0.18,15.67,1.54,0.14,-29.63,1.23,0.37,4.56,-10.77,RCE20ZDCO26R,,-,GP,https://cloud.rapsodo.com/v2/shotVideo/3fa8d622-44f1-437e-8754-3099cd4f9be3.mp4,1603142@1782007039,RCE20ZDCO26R,-,-,untitled,-
hocchi kanta,Sun Jun 21 2026 1:57:39 AM,1782007059,Slider,103.5,1991.59,53.29,6:58,-27.8,-6.8,-0.24,6.43,1.47,0.19,57.8,1.7167797,-0.18,15.67,1.58,0.13,-28.39,2.79,0.36,4.81,-11.79,RCE20ZDCO26R,,-,GP,https://cloud.rapsodo.com/v2/shotVideo/1fcfa8f7-d18d-449f-9ee6-ef62b55e7364.mp4,1603142@1782007059,RCE20ZDCO26R,-,-,untitled,-
hocchi kanta,Sun Jun 21 2026 1:59:00 AM,1782007140,CurveBall,98.6,1733.62,58.98,6:16,-32.5,2.7,0.44,4.14,1.63,0.08,53.86,0,-0.07,15.67,1.58,-0.21,-27.46,2.27,-0.12,5.77,-12.16,RCE20ZDCO26R,,-,GP,https://cloud.rapsodo.com/v2/shotVideo/6deea2ac-daea-40de-94ce-af3eee8307df.mp4,1603142@1782007140,RCE20ZDCO26R,-,-,untitled,-
hocchi kanta,Sun Jun 21 2026 1:59:25 AM,1782007165,縦すら,99,1752.45,61.96,6:34,-33.6,-11.6,1.13,7.21,1.52,0.05,51.72,1.920187,-0.06,15.67,1.62,-0.52,-27.11,3.09,0.69,5.54,-11.59,RCE20ZDCO26R,,-,GP,https://cloud.rapsodo.com/v2/shotVideo/c05e30e7-8ce7-4bd3-bfc6-526e360034e5.mp4,1603142@1782007165,RCE20ZDCO26R,-,-,untitled,-
hocchi kanta,Sun Jun 21 2026 2:00:07 AM,1782007207,縦すら,100.51,1687.52,69.03,5:42,-39.9,-4.7,1.13,3.88,1.5,0.02,46.34,1.6717072,-0.04,15.67,1.57,-0.54,-27.66,1.47,0.34,4.86,-10.64,RCE20ZDCO26R,,-,GP,https://cloud.rapsodo.com/v2/shotVideo/8397fc08-7542-4841-87fe-555083ce8948.mp4,1603142@1782007207,RCE20ZDCO26R,-,-,untitled,-
hocchi kanta,Sun Jun 21 2026 2:00:30 AM,1782007230,縦すら,101.77,1407.15,88.24,5:14,-40,-23.3,0.5,4.72,1.46,0.07,-28.06,0,-0.07,15.67,1.5,-0.22,-28.08,2.1,1.38,5.54,-13.58,RCE20ZDCO26R,,-,GP,https://cloud.rapsodo.com/v2/shotVideo/65f8b702-9bc3-4049-afa5-71f5e2c4a66e.mp4,1603142@1782007230,RCE20ZDCO26R,-,-,untitled,-
murata seiichiro,Sun Jun 21 2026 2:38:25 AM,1782009505,Fastball,114.77,1528.71,95.28,1:24,37.5,25.7,-1.17,2.01,1.38,0.18,17.68,1.5951462,-0.16,15.67,1.42,0.58,-31.64,0.87,-1.87,5.87,-6.88,RCE20ZDCO26R,,-,GP,https://cloud.rapsodo.com/v2/shotVideo/d3381652-1fef-468f-bf3f-25e7d0e4a50b.mp4,1581243@1782009505,RCE20ZDCO26R,-,-,untitled,-
murata seiichiro,Sun Jun 21 2026 2:38:44 AM,1782009524,Fastball,113.11,1521.97,94.42,1:30,35.9,21,-0.81,2.32,1.37,0.14,19.24,1.4781933,-0.12,15.67,1.42,0.38,-31.18,0.97,-1.46,5.09,-7.42,RCE20ZDCO26R,,-,GP,https://cloud.rapsodo.com/v2/shotVideo/b9d8a400-4c72-4d15-916e-9a5895030907.mp4,1581243@1782009524,RCE20ZDCO26R,-,-,untitled,-
murata seiichiro,Sun Jun 21 2026 2:39:01 AM,1782009541,Fastball,115.06,1574,95.82,1:28,36.3,19,-1.47,0.81,1.37,0.15,16.62,1.8267899,-0.13,15.67,1.38,0.78,-31.75,0.23,-1.49,6.61,-7.69,RCE20ZDCO26R,,-,GP,https://cloud.rapsodo.com/v2/shotVideo/b451d93c-82a2-4059-8e90-b415429d8716.mp4,1581243@1782009541,RCE20ZDCO26R,-,-,untitled,-
murata seiichiro,Sun Jun 21 2026 2:39:18 AM,1782009558,Fastball,114.8,1516.95,91.37,1:34,33,25.7,-3.15,3.3,1.37,0.19,23.98,1.4908772,-0.12,15.67,1.44,1.67,-31.52,1.51,-2.05,6.59,-8.11,RCE20ZDCO26R,,-,GP,https://cloud.rapsodo.com/v2/shotVideo/12b63898-32c9-4e6d-9c4d-ae5665a5eaa1.mp4,1581243@1782009558,RCE20ZDCO26R,-,-,untitled,-
murata seiichiro,Sun Jun 21 2026 2:39:37 AM,1782009577,Fastball,114.67,1559.82,95.25,1:22,38.9,28.6,-1.59,2.32,1.38,0.13,17.72,1.4695625,-0.1,15.67,1.43,0.8,-31.54,1,-2.06,6.67,-6.95,RCE20ZDCO26R,,-,GP,https://cloud.rapsodo.com/v2/shotVideo/3a63a198-1283-4a9f-8cca-8a03a3f3964e.mp4,1581243@1782009577,RCE20ZDCO26R,-,-,untitled,-
murata seiichiro,Sun Jun 21 2026 2:40:04 AM,1782009604,Quick Fastball,114.02,1556.2,95.78,1:24,37.9,25.4,-1.77,2.64,1.38,0.13,16.7,1.58741,-0.09,15.67,1.43,0.9,-31.4,1.16,-1.87,6,-8.1,RCE20ZDCO26R,,-,GP,https://cloud.rapsodo.com/v2/shotVideo/65e2e5a1-aeff-44e6-9126-5b262cf29de1.mp4,1581243@1782009604,RCE20ZDCO26R,-,-,untitled,-
murata seiichiro,Sun Jun 21 2026 2:40:24 AM,1782009624,Quick Fastball,115.32,1526.56,98.88,1:20,39.7,21.2,-1.31,2.07,1.37,0.22,8.58,1.7152615,-0.19,15.67,1.41,0.68,-31.79,0.9,-1.61,6.51,-7.84,RCE20ZDCO26R,,-,GP,https://cloud.rapsodo.com/v2/shotVideo/9bea6a95-003f-4017-b8a0-0978b95fcb35.mp4,1581243@1782009624,RCE20ZDCO26R,-,-,untitled,-
murata seiichiro,Sun Jun 21 2026 2:40:44 AM,1782009644,Quick Fastball,116.36,1581.97,98.74,1:34,35.9,33.3,-1.91,1.77,1.39,0.19,9.12,1.5362816,-0.15,15.67,1.43,0.98,-32.04,0.72,-2.51,6.42,-7.34,RCE20ZDCO26R,,-,GP,https://cloud.rapsodo.com/v2/shotVideo/c6607d68-0a3e-41e7-a6a6-82318f9eb575.mp4,1581243@1782009644,RCE20ZDCO26R,-,-,untitled,-
murata seiichiro,Sun Jun 21 2026 2:41:22 AM,1782009682,TwoSeamFastball,115.05,1553.36,98.73,1:34,35.7,42.6,-0.03,1.07,1.35,0.18,9.13,1.66963,-0.19,15.67,1.37,-0.08,-31.74,0.32,-2.93,6.21,-8.24,RCE20ZDCO26R,,-,GP,https://cloud.rapsodo.com/v2/shotVideo/493a4585-c08c-43ca-8aff-78373062fcf1.mp4,1581243@1782009682,RCE20ZDCO26R,-,-,untitled,-
murata seiichiro,Sun Jun 21 2026 2:41:42 AM,1782009702,TwoSeamFastball,112.56,1582.83,99.92,1:32,37.6,37,-1.23,2.09,1.36,0.16,2.26,1.5878906,-0.13,15.67,1.39,0.57,-31.05,0.83,-2.55,4.99,-8.16,RCE20ZDCO26R,,-,GP,https://cloud.rapsodo.com/v2/shotVideo/d6f347be-d2a2-427d-ab13-803a7d75aa3f.mp4,1581243@1782009702,RCE20ZDCO26R,-,-,untitled,-
murata seiichiro,Sun Jun 21 2026 2:42:01 AM,1782009721,TwoSeamFastball,112.68,1514.32,99.86,1:36,35,39.8,-1.09,-0.16,1.37,0.15,-2.99,1.6738949,-0.13,15.67,1.36,0.5,-31.1,-0.37,-2.76,5.41,-8.11,RCE20ZDCO26R,,-,GP,https://cloud.rapsodo.com/v2/shotVideo/6256d8ab-b9da-4525-8c5b-7bb7ec7e2c66.mp4,1581243@1782009721,RCE20ZDCO26R,-,-,untitled,-
murata seiichiro,Sun Jun 21 2026 2:42:32 AM,1782009752,Slider,97.03,2005.76,53.47,6:56,-29.3,-40.8,-2.02,5.35,1.37,0.16,57.68,1.6864433,-0.12,15.67,1.47,1.02,-26.62,2.08,1.77,4.98,-10.7,RCE20ZDCO26R,,-,GP,https://cloud.rapsodo.com/v2/shotVideo/6c11e0ab-07e7-4546-a913-03aa4cfd51ed.mp4,1581243@1782009752,RCE20ZDCO26R,-,-,untitled,-
murata seiichiro,Sun Jun 21 2026 2:42:47 AM,1782009767,Slider,95.31,2017.52,63.12,7:42,-25.5,-37.8,-1.28,6.53,1.34,0.25,50.86,1.500927,-0.22,15.67,1.47,0.66,-26.06,2.49,1.58,4.94,-10.88,RCE20ZDCO26R,,-,GP,https://cloud.rapsodo.com/v2/shotVideo/fc343bee-a075-4ec6-934b-56fb8d5b043a.mp4,1581243@1782009767,RCE20ZDCO26R,-,-,untitled,-
murata seiichiro,Sun Jun 21 2026 2:43:03 AM,1782009783,Slider,94.75,2024.35,55.88,7:02,-29.7,-45.5,-0.01,4.65,1.36,0.26,56.02,1.7647743,-0.26,15.67,1.43,0.09,-26.05,1.7,2.09,4.86,-11.38,RCE20ZDCO26R,,-,GP,https://cloud.rapsodo.com/v2/shotVideo/6dfee972-8f66-479d-8fe2-6fcc9337573c.mp4,1581243@1782009783,RCE20ZDCO26R,-,-,untitled,-
murata seiichiro,Sun Jun 21 2026 2:43:31 AM,1782009811,Cutter,103.79,1735.78,24.59,11:48,14.9,-13.4,-0.72,3.94,1.39,0.24,75.77,1.4768677,-0.23,15.67,1.47,0.39,-28.51,1.56,0.65,5.58,-9.29,RCE20ZDCO26R,,-,GP,https://cloud.rapsodo.com/v2/shotVideo/d37bad38-7bd7-4c53-870a-44b89574c876.mp4,1581243@1782009811,RCE20ZDCO26R,-,-,untitled,-
murata seiichiro,Sun Jun 21 2026 2:43:50 AM,1782009830,Cutter,103.86,1749.93,3,12:28,2,-15.4,1.01,5.24,1.34,0.13,88.28,1.5197773,-0.15,15.67,1.45,-0.47,-28.53,2.21,0.93,4.49,-9.75,RCE20ZDCO26R,,-,GP,https://cloud.rapsodo.com/v2/shotVideo/0dc7dc9d-6093-41f9-af95-164c573049b2.mp4,1581243@1782009830,RCE20ZDCO26R,-,-,untitled,-
murata seiichiro,Sun Jun 21 2026 2:44:08 AM,1782009848,Cutter,102.63,1789.34,15.38,9:36,3.1,-9.8,-0.11,4.86,1.38,0.21,81.15,1.4743481,-0.2,15.67,1.48,0.08,-28.19,1.97,0.51,4.68,-9.78,RCE20ZDCO26R,,-,GP,https://cloud.rapsodo.com/v2/shotVideo/2b903ff6-d212-4899-9a71-6c945a0300af.mp4,1581243@1782009848,RCE20ZDCO26R,-,-,untitled,-
murata seiichiro,Sun Jun 21 2026 2:44:27 AM,1782009867,CurveBall,90.74,2030.37,76.88,7:18,-38.1,-42.9,1.28,5.93,1.41,0.17,39.75,1.6064396,-0.2,15.67,1.52,-0.47,-24.85,2.07,1.86,4.65,-11.47,RCE20ZDCO26R,,-,GP,https://cloud.rapsodo.com/v2/shotVideo/cf75cd79-a802-465a-a7c6-dd338d7b9636.mp4,1581243@1782009867,RCE20ZDCO26R,-,-,untitled,-
murata seiichiro,Sun Jun 21 2026 2:44:46 AM,1782009886,CurveBall,93.11,2031.13,59.12,7:02,-32.2,-29.8,-0.36,4.74,1.41,0.15,53.76,1.6395092,-0.14,15.67,1.49,0.22,-25.58,1.63,1.28,4.53,-11.66,RCE20ZDCO26R,,-,GP,https://cloud.rapsodo.com/v2/shotVideo/191dcb4e-d939-4f5a-b5cd-dbc9a81e2ade.mp4,1581243@1782009886,RCE20ZDCO26R,-,-,untitled,-
murata seiichiro,Sun Jun 21 2026 2:45:08 AM,1782009908,CurveBall,87.43,1851.01,71.34,7:02,-38.7,-39.3,1.4,6.83,1.42,0.11,44.49,1.5871887,-0.14,15.67,1.55,-0.51,-23.92,2.34,1.6,3.85,-11.24,RCE20ZDCO26R,,-,GP,https://cloud.rapsodo.com/v2/shotVideo/ad170daf-0fb9-4eaf-acf1-cdce4815f317.mp4,1581243@1782009908,RCE20ZDCO26R,-,-,untitled,-
murata seiichiro,Sun Jun 21 2026 2:45:56 AM,1782009956,フォーク,103.27,716.94,66.33,2:52,1.6,-11.2,-0.08,4.93,1.4,0.18,48.45,1.7076244,-0.18,15.67,1.49,0.06,-28.38,2.17,0.61,5.33,-8.04,RCE20ZDCO26R,,-,GP,https://cloud.rapsodo.com/v2/shotVideo/d998a1c0-556b-4a75-b3c8-bbb088e85be7.mp4,1581243@1782009956,RCE20ZDCO26R,-,-,untitled,-
murata seiichiro,Sun Jun 21 2026 2:46:12 AM,1782009972,フォーク,102.72,662.83,96.5,4:00,-16.7,17.5,-0.62,2.59,1.38,0.16,15.2,1.8172588,-0.15,15.67,1.42,0.27,-28.35,0.93,-1.03,4.44,-10.92,RCE20ZDCO26R,,-,GP,https://cloud.rapsodo.com/v2/shotVideo/5829c3ef-9f20-4fcb-8b0a-9082e7c9ebf8.mp4,1581243@1782009972,RCE20ZDCO26R,-,-,untitled,-
murata seiichiro,Sun Jun 21 2026 2:46:38 AM,1782009998,フォーク,102.43,748.04,79.48,3:24,-6.7,12.9,-0.97,4.04,1.41,0.15,37.37,1.4742794,-0.13,15.67,1.49,0.44,-28.18,1.54,-0.76,4.35,-10.28,RCE20ZDCO26R,,-,GP,https://cloud.rapsodo.com/v2/shotVideo/cbf5f752-8d53-430e-a689-8e0e73354259.mp4,1581243@1782009998,RCE20ZDCO26R,-,-,untitled,-
murata seiichiro,Sun Jun 21 2026 2:47:14 AM,1782010034,ChangeUp,98.02,746.26,96.27,2:52,2.3,34.8,-0.48,4.6,1.37,0.17,15.7,1.752224,-0.16,15.67,1.45,0.16,-26.97,1.79,-1.78,4.4,-10.48,RCE20ZDCO26R,,-,GP,https://cloud.rapsodo.com/v2/shotVideo/7b92c20d-c57e-4c00-8fcf-7dd05073b522.mp4,1581243@1782010034,RCE20ZDCO26R,-,-,untitled,-
murata seiichiro,Sun Jun 21 2026 2:47:31 AM,1782010051,ChangeUp,99.96,1026.45,94.05,2:24,12.8,36.9,-2.16,2.95,1.39,0.21,19.87,0,-0.15,15.67,1.45,0.94,-27.52,0.98,-2.01,3.79,-8.8,RCE20ZDCO26R,,-,GP,https://cloud.rapsodo.com/v2/shotVideo/99f17066-a2d6-4383-a741-ea3c503f135c.mp4,1581243@1782010051,RCE20ZDCO26R,-,-,untitled,-
murata seiichiro,Sun Jun 21 2026 2:47:48 AM,1782010068,ChangeUp,96.61,871.3,95.33,2:34,9.1,35.2,-1.05,4.84,1.37,0.16,17.57,1.3936596,-0.13,15.67,1.47,0.4,-26.46,1.75,-1.69,5.3,-9.96,RCE20ZDCO26R,,-,GP,https://cloud.rapsodo.com/v2/shotVideo/41b108ea-0558-4ea8-a82c-9c4bf3084915.mp4,1581243@1782010068,RCE20ZDCO26R,-,-,untitled,-
nishida hinata,Sun Jun 21 2026 3:01:57 AM,1782010917,Fastball,107.06,1434.24,95.38,10:06,26.5,-48.3,4.18,4.07,1.3,-0.46,-17.48,0,0.34,15.67,1.41,-1.98,-29.27,1.58,3.01,5.25,-8.81,RCE20ZDCO26R,,-,GP,https://cloud.rapsodo.com/v2/shotVideo/4894e783-221b-469d-a426-4871f386071a.mp4,1603141@1782010917,RCE20ZDCO26R,-,-,untitled,-
nishida hinata,Sun Jun 21 2026 3:02:38 AM,1782010958,Fastball,106.84,1492.93,96.91,10:40,38.2,-61.8,6.16,3.01,1.31,-0.48,-14.28,0,0.29,15.67,1.39,-2.94,-29.15,1.07,3.91,5.27,-8.2,RCE20ZDCO26R,,-,GP,https://cloud.rapsodo.com/v2/shotVideo/2956b45d-fa21-446f-876c-cfaa670343ed.mp4,1603141@1782010958,RCE20ZDCO26R,-,-,untitled,-
nishida hinata,Sun Jun 21 2026 3:02:57 AM,1782010977,Fastball,103.78,1516.35,96.24,10:06,27.6,-36.9,3.29,0.18,1.4,-0.23,-15.75,0,0.31,15.67,1.38,-1.8,-28.98,0.44,3.18,4.4,-7.54,RCE20ZDCO26R,,-,GP,https://cloud.rapsodo.com/v2/shotVideo/b9d404b9-8525-41e9-b3c2-3cb2541d0086.mp4,1603141@1782010977,RCE20ZDCO26R,-,-,untitled,-
nishida hinata,Sun Jun 21 2026 3:03:23 AM,1782011003,Quick Fastball,104.9,1490.98,94.99,10:02,25.5,-53.6,3.07,2.58,1.32,-0.45,-18.21,0,0.35,15.67,1.4,-1.34,-28.75,0.79,2.98,4.52,-7.38,RCE20ZDCO26R,,-,GP,https://cloud.rapsodo.com/v2/shotVideo/2b6547ae-3050-487e-bf32-f3a80315fbc3.mp4,1603141@1782011003,RCE20ZDCO26R,-,-,untitled,-
nishida hinata,Sun Jun 21 2026 3:03:49 AM,1782011029,Quick Fastball,107.48,1475.58,95.64,10:06,26.9,-58.6,4.94,3.47,1.31,-0.44,-16.99,0,0.31,15.67,1.4,-2.36,-29.42,1.34,3.73,4.96,-8.59,RCE20ZDCO26R,,-,GP,https://cloud.rapsodo.com/v2/shotVideo/9766040c-7979-4dbb-9527-d9339bcfc8d3.mp4,1603141@1782011029,RCE20ZDCO26R,-,-,untitled,-
nishida hinata,Sun Jun 21 2026 3:04:17 AM,1782011057,Quick Fastball,106.88,1490.42,97.96,10:12,29.9,-57.9,5.02,2.44,1.29,-0.47,-11.6,0,0.32,15.67,1.35,-2.38,-29.25,0.76,3.61,5.02,-8.53,RCE20ZDCO26R,,-,GP,https://cloud.rapsodo.com/v2/shotVideo/f4decd4e-c717-4160-89a9-696cd2f76ede.mp4,1603141@1782011057,RCE20ZDCO26R,-,-,untitled,-
nishida hinata,Sun Jun 21 2026 3:04:46 AM,1782011086,TwoSeamFastball,107.66,670.34,73.94,8:08,-9.3,-52.7,5.17,4.12,1.23,-0.49,42.32,0,0.34,15.67,1.34,-2.49,-29.44,1.55,3.38,4.58,-10.22,RCE20ZDCO26R,,-,GP,https://cloud.rapsodo.com/v2/shotVideo/619052c4-466e-4c3d-8a4c-cf0f545d4950.mp4,1603141@1782011086,RCE20ZDCO26R,-,-,untitled,-
nishida hinata,Sun Jun 21 2026 3:05:10 AM,1782011110,TwoSeamFastball,105.93,1491.84,93.91,9:46,19,-43.1,5.64,3.25,1.26,-0.5,-20.1,0,0.35,15.67,1.34,-2.73,-28.98,1.22,2.8,4.52,-7.89,RCE20ZDCO26R,,-,GP,https://cloud.rapsodo.com/v2/shotVideo/c1d116d7-251c-4b02-9563-c770ea5d475d.mp4,1603141@1782011110,RCE20ZDCO26R,-,-,untitled,-
nishida hinata,Sun Jun 21 2026 3:05:35 AM,1782011135,TwoSeamFastball,107.75,1482.41,93.64,9:44,18.7,-44.7,5.85,2.52,1.25,-0.51,-20.55,0,0.33,15.67,1.32,-2.87,-29.46,0.82,2.95,4.54,-8.01,RCE20ZDCO26R,,-,GP,https://cloud.rapsodo.com/v2/shotVideo/337e26a4-641d-4fa9-8769-b4263f22d98f.mp4,1603141@1782011135,RCE20ZDCO26R,-,-,untitled,-
nishida hinata,Sun Jun 21 2026 3:06:10 AM,1782011170,CurveBall,89.33,1489,51,4:48,-25,25.6,3.31,6.76,1.28,-0.44,-59.34,1.4515266,0.36,15.67,1.42,-1.46,-24.34,2.37,-0.69,4.91,-10.29,RCE20ZDCO26R,,-,GP,https://cloud.rapsodo.com/v2/shotVideo/2ad31186-d044-4061-8aba-01e2b3ead93b.mp4,1603141@1782011170,RCE20ZDCO26R,-,-,untitled,-
nishida hinata,Sun Jun 21 2026 3:06:28 AM,1782011188,CurveBall,90.34,1408.16,49.39,5:10,-23.4,17.8,2.45,7.67,1.26,-0.42,-60.4,0,0.35,15.67,1.46,-1.09,-24.54,2.67,-0.47,4.62,-10.3,RCE20ZDCO26R,,-,GP,https://cloud.rapsodo.com/v2/shotVideo/1ae2835f-e483-4013-912b-4d3412017134.mp4,1603141@1782011188,RCE20ZDCO26R,-,-,untitled,-
nishida hinata,Sun Jun 21 2026 3:07:16 AM,1782011236,Slider,90.94,1573.08,36.79,4:30,-13.9,29.9,0.67,7.31,1.19,-0.52,-68.41,0,0.49,15.67,1.38,-0.36,-24.73,2.54,-1.08,4.86,-10.18,RCE20ZDCO26R,,-,GP,https://cloud.rapsodo.com/v2/shotVideo/1a74e843-089c-4ac6-8be0-7123cae9bc59.mp4,1603141@1782011236,RCE20ZDCO26R,-,-,untitled,-
nishida hinata,Sun Jun 21 2026 3:07:38 AM,1782011258,Slider,93.2,1304.13,45.02,5:00,-19.4,14.5,2.7,6.47,1.18,-0.48,-63.25,0,0.4,15.67,1.35,-1.23,-25.35,2.3,-0.34,5.18,-9.41,RCE20ZDCO26R,,-,GP,https://cloud.rapsodo.com/v2/shotVideo/c1976f57-efc9-4c23-af4b-1223bd7e6c74.mp4,1603141@1782011258,RCE20ZDCO26R,-,-,untitled,-
hayashi meiyu,Sun Jun 21 2026 3:23:33 AM,1782012213,Fastball,107.32,1880.75,53.98,9:22,6.5,-13.1,3.37,5.6,0.82,-0.5,-57.33,1.5013676,0.43,15.67,0.94,-1.7,-29.42,2.54,1.03,4.55,-8.68,RCE20ZDCO26R,,-,GP,https://cloud.rapsodo.com/v2/shotVideo/e0055e75-16eb-49f6-a56c-e494ce7bd246.mp4,1581240@1782012213,RCE20ZDCO26R,-,-,untitled,-
hayashi meiyu,Sun Jun 21 2026 3:23:50 AM,1782012230,Fastball,109.86,1891.97,53.3,9:16,4.3,-13.3,2.78,5.52,0.68,-0.48,-57.79,0,0.47,15.67,0.71,-1.46,-30.27,2.78,1.23,6.24,-14.89,RCE20ZDCO26R,,-,GP,https://cloud.rapsodo.com/v2/shotVideo/e1a39c0f-a998-46b8-9aaa-12173539d57b.mp4,1581240@1782012230,RCE20ZDCO26R,-,-,untitled,-
hayashi meiyu,Sun Jun 21 2026 3:24:13 AM,1782012253,Fastball,107.3,1823.25,60.55,9:40,11.4,-21.3,0.2,7.37,0.77,-0.51,-52.74,0,0.5,15.67,0.96,-0.04,-29.33,3.38,1.23,4.37,-8.67,RCE20ZDCO26R,,-,GP,https://cloud.rapsodo.com/v2/shotVideo/47364a01-2ea4-479b-9afc-7b1ad6f92576.mp4,1581240@1782012253,RCE20ZDCO26R,-,-,untitled,-
hayashi meiyu,Sun Jun 21 2026 3:24:36 AM,1782012276,Quick Fastball,108.64,1802.93,59.55,9:24,7.6,-19.9,3.67,5.57,0.7,-0.55,-53.45,1.4222565,0.46,15.67,0.82,-1.85,-29.77,2.53,1.47,4.48,-8.75,RCE20ZDCO26R,,-,GP,https://cloud.rapsodo.com/v2/shotVideo/540ab1ae-a2ec-4ae1-8185-eb51025d9afe.mp4,1581240@1782012276,RCE20ZDCO26R,-,-,untitled,-
hayashi meiyu,Sun Jun 21 2026 3:24:59 AM,1782012299,Quick Fastball,108.48,1823.25,86.61,6:40,6.5,-8.7,2.59,6.43,0.74,-0.48,30,2.1051407,0.45,15.67,0.81,-1.34,-29.8,3.13,0.79,4.92,-11.09,RCE20ZDCO26R,,-,GP,https://cloud.rapsodo.com/v2/shotVideo/87cd3e9d-5a72-4ede-a9c2-1c8b4d33cdef.mp4,1581240@1782012299,RCE20ZDCO26R,-,-,untitled,-
hayashi meiyu,Sun Jun 21 2026 3:25:28 AM,1782012328,Slider,96.79,2126.18,29.52,2:46,2.6,29.4,3.52,7.48,0.74,-0.43,-72.83,1.4867916,0.35,15.67,0.89,-1.69,-26.36,3.05,-1.05,5.02,-9.3,RCE20ZDCO26R,,-,GP,https://cloud.rapsodo.com/v2/shotVideo/b98ebc49-1d75-4e10-90f9-919c719f9f99.mp4,1581240@1782012328,RCE20ZDCO26R,-,-,untitled,-
hayashi meiyu,Sun Jun 21 2026 3:25:42 AM,1782012342,Slider,97.29,2191.54,39.2,3:08,-1.1,42.7,-2.16,7.88,0.69,-0.45,-66.92,0,0.5,15.67,0.87,0.9,-26.48,3.21,-2.12,5.17,-9.28,RCE20ZDCO26R,,-,GP,https://cloud.rapsodo.com/v2/shotVideo/c0ac20a3-ab04-48f5-975c-75f33d4a9749.mp4,1581240@1782012342,RCE20ZDCO26R,-,-,untitled,-
hayashi meiyu,Sun Jun 21 2026 3:25:58 AM,1782012358,Slider,93.55,2130.9,47.77,3:48,-12.7,48.6,1.77,6.83,0.68,-0.42,-61.46,1.4664192,0.38,15.67,0.83,-0.9,-25.58,2.63,-1.99,4.15,-9.21,RCE20ZDCO26R,,-,GP,https://cloud.rapsodo.com/v2/shotVideo/a14825e0-e7d3-41de-a2c8-309726adddae.mp4,1581240@1782012358,RCE20ZDCO26R,-,-,untitled,-
hayashi meiyu,Sun Jun 21 2026 3:26:39 AM,1782012399,ChangeUp,100.88,1591.64,54.26,9:10,2.9,-26,3.69,7.2,0.69,-0.54,-57.14,1.5267391,0.46,15.67,0.83,-1.72,-27.57,3.07,1.6,3.94,-9.8,RCE20ZDCO26R,,-,GP,https://cloud.rapsodo.com/v2/shotVideo/26639a08-1b8c-4e09-ae5e-06ce640ca2a1.mp4,1581240@1782012399,RCE20ZDCO26R,-,-,untitled,-
hayashi meiyu,Sun Jun 21 2026 3:26:57 AM,1782012417,ChangeUp,97.31,1523.12,36.24,9:42,7.1,-23.7,4.54,5.92,0.72,-0.48,-68.75,0,0.37,15.67,0.86,-2.05,-26.59,2.3,1.43,4.1,-9.31,RCE20ZDCO26R,,-,GP,https://cloud.rapsodo.com/v2/shotVideo/a95cc123-0009-4b4b-bb14-4bc0e33ade7f.mp4,1581240@1782012417,RCE20ZDCO26R,-,-,untitled,-
hayashi meiyu,Sun Jun 21 2026 3:27:25 AM,1782012445,フォーク,96.6,1571.98,59.45,9:54,16.3,-41.6,3.01,7.14,0.78,-0.45,-53.52,1.445713,0.38,15.67,0.94,-1.29,-26.35,2.86,2.15,4.71,-9.54,RCE20ZDCO26R,,-,GP,https://cloud.rapsodo.com/v2/shotVideo/a66d53c8-bee3-4b54-aa6e-19f267dce306.mp4,1581240@1782012445,RCE20ZDCO26R,-,-,untitled,-
hayashi meiyu,Sun Jun 21 2026 3:27:39 AM,1782012459,フォーク,97.75,1496.53,57.17,9:58,16.5,-33.2,2.82,4.12,0.76,-0.43,-55.13,1.4647903,0.36,15.67,0.85,-1.25,-26.9,1.49,1.8,3.19,-9.56,RCE20ZDCO26R,,-,GP,https://cloud.rapsodo.com/v2/shotVideo/cfb2e37e-e50c-4423-8426-2fd1a443eb09.mp4,1581240@1782012459,RCE20ZDCO26R,-,-,untitled,-
hayashi meiyu,Sun Jun 21 2026 3:27:58 AM,1782012478,フォーク,99.65,1463.23,45.55,10:24,17.1,-21.8,-0.37,8.95,0.72,-0.52,-62.9,1.522953,0.53,15.67,0.9,0.23,-27.16,3.84,1.06,4.07,-10.15,RCE20ZDCO26R,,-,GP,https://cloud.rapsodo.com/v2/shotVideo/c40b56c9-3cc2-4912-b495-30a1be6a23ad.mp4,1581240@1782012478,RCE20ZDCO26R,-,-,untitled,-
nakao takuto,Sun Jun 21 2026 3:42:05 AM,1782013325,Fastball,114.09,1780.56,71.51,10:28,26.4,-42.6,2.15,1.83,1.15,0.01,-44.35,0,-0.03,15.67,1.17,-1.13,-31.55,0.81,3.31,5.5,-10.65,RCE20ZDCO26R,,-,GP,https://cloud.rapsodo.com/v2/shotVideo/6ae52c3e-b4fa-4d62-b96b-8a190c75e4fc.mp4,1581242@1782013325,RCE20ZDCO26R,-,-,untitled,-
nakao takuto,Sun Jun 21 2026 3:42:24 AM,1782013344,Fastball,116.61,1840.35,84.06,10:16,29.4,-44.1,2.29,2.72,1.2,0,-32.79,1.6888676,-0.04,15.67,1.25,-1.18,-32.09,1.28,3.35,7.22,-7.66,RCE20ZDCO26R,,-,GP,https://cloud.rapsodo.com/v2/shotVideo/e41c6a13-6048-4c61-b0f8-0ad43a30f0ab.mp4,1581242@1782013344,RCE20ZDCO26R,-,-,untitled,-
nakao takuto,Sun Jun 21 2026 3:42:44 AM,1782013364,Fastball,115.21,1768.78,82.12,10:16,28.6,-34.1,1.64,3.31,1.22,0.01,-34.79,1.5576229,-0.04,15.67,1.28,-0.82,-31.71,1.55,2.48,6.06,-7.86,RCE20ZDCO26R,,-,GP,https://cloud.rapsodo.com/v2/shotVideo/3bacca41-0722-422d-a8c5-d252713287d7.mp4,1581242@1782013364,RCE20ZDCO26R,-,-,untitled,-
nakao takuto,Sun Jun 21 2026 3:43:08 AM,1782013388,Fastball,115.23,2518.11,76.37,10:16,31,-37.6,1.42,3.18,1.19,-0.02,-40.21,1.5507774,-0.01,15.67,1.26,-0.69,-31.76,1.46,2.72,5.03,-8.33,RCE20ZDCO26R,,-,GP,https://cloud.rapsodo.com/v2/shotVideo/ee0ac9e6-7bb0-4b09-8a69-0b146cb6fcc9.mp4,1581242@1782013388,RCE20ZDCO26R,-,-,untitled,-
nakao takuto,Sun Jun 21 2026 3:43:31 AM,1782013411,Quick Fastball,114.39,1867.22,85.55,10:18,31.8,-53.8,1.31,4.86,1.21,0.01,-31.18,1.4005508,-0.04,15.67,1.32,-0.57,-31.4,2.3,3.65,5.83,-9.15,RCE20ZDCO26R,,-,GP,https://cloud.rapsodo.com/v2/shotVideo/4034d3d9-ad35-4593-bbd2-ad51e3a644fd.mp4,1581242@1782013411,RCE20ZDCO26R,-,-,untitled,-
nakao takuto,Sun Jun 21 2026 3:43:56 AM,1782013436,Quick Fastball,114.39,1731.56,81.62,10:22,31.2,-34.2,1.85,3.81,1.2,-0.03,-35.29,1.4353943,-0.01,15.67,1.28,-0.92,-31.5,1.77,2.45,4.53,-8.22,RCE20ZDCO26R,,-,GP,https://cloud.rapsodo.com/v2/shotVideo/c99430a7-05b0-4d2a-baa9-a75d35acc014.mp4,1581242@1782013436,RCE20ZDCO26R,-,-,untitled,-
nakao takuto,Sun Jun 21 2026 3:44:13 AM,1782013453,Quick Fastball,113.22,1746.73,84.31,10:22,31.5,-47.4,3.07,1.66,1.19,0.02,-32.53,1.590805,-0.08,15.67,1.22,-1.55,-31.19,0.62,3.44,5.38,-7.86,RCE20ZDCO26R,,-,GP,https://cloud.rapsodo.com/v2/shotVideo/8e5d1b93-f602-426c-aaf1-6a6a28d65bbc.mp4,1581242@1782013453,RCE20ZDCO26R,-,-,untitled,-
nakao takuto,Sun Jun 21 2026 3:44:40 AM,1782013480,Cutter,109.62,1860.28,21.11,9:04,0.5,5.2,-0.57,6.19,1.2,0.02,-77.81,1.6607628,-0.01,15.67,1.31,0.29,-30.11,2.9,-0.37,4.36,-10.44,RCE20ZDCO26R,,-,GP,https://cloud.rapsodo.com/v2/shotVideo/0b7cc97e-fbb3-4967-b233-6e28c8a9e8c8.mp4,1581242@1782013480,RCE20ZDCO26R,-,-,untitled,-
nakao takuto,Sun Jun 21 2026 3:45:03 AM,1782013503,Cutter,110.9,1771.21,39.95,10:12,13.4,-2.1,1.68,2.96,1.19,0,-66.45,1.6337795,-0.03,15.67,1.24,-0.89,-30.57,1.23,0.28,4.87,-9.7,RCE20ZDCO26R,,-,GP,https://cloud.rapsodo.com/v2/shotVideo/41f8225c-4611-4125-8acb-1413bd295618.mp4,1581242@1782013503,RCE20ZDCO26R,-,-,untitled,-
nakao takuto,Sun Jun 21 2026 3:45:20 AM,1782013520,Cutter,109.43,850.35,35.02,4:22,-9,-1.5,1.78,5.05,1.2,-0.02,-69.5,1.5586891,-0.01,15.67,1.3,-0.93,-30.1,2.31,0.22,4.03,-9.12,RCE20ZDCO26R,,-,GP,https://cloud.rapsodo.com/v2/shotVideo/fc6ccf05-8077-48a6-93b4-6062da9ad600.mp4,1581242@1782013520,RCE20ZDCO26R,-,-,untitled,-
nakao takuto,Sun Jun 21 2026 3:45:41 AM,1782013541,CurveBall,98.1,2330.58,92.23,4:56,-53.5,55.8,-0.55,7.55,1.18,0.06,-22.73,1.4906712,-0.05,15.67,1.34,0.13,-26.74,3.01,-2.65,5.63,-11.95,RCE20ZDCO26R,,-,GP,https://cloud.rapsodo.com/v2/shotVideo/6d6908b4-34d6-45fb-a4e6-17426ddd2c5e.mp4,1581242@1782013541,RCE20ZDCO26R,-,-,untitled,-
nakao takuto,Sun Jun 21 2026 3:46:42 AM,1782013602,CurveBall,95.32,2314.17,98.92,5:08,-55.6,27.5,-0.8,6.33,1.23,0.08,-8.43,0,-0.06,15.67,1.37,0.3,-26.09,2.28,-1.29,4.05,-11.62,RCE20ZDCO26R,,-,GP,https://cloud.rapsodo.com/v2/shotVideo/79a8897b-939c-4480-a008-7a3497af4e91.mp4,1581242@1782013602,RCE20ZDCO26R,-,-,untitled,-
nakao takuto,Sun Jun 21 2026 3:47:09 AM,1782013629,Slider,100.58,1967.64,41.15,4:44,-20.3,45.6,0.52,4.99,1.22,0.02,-65.7,1.4863911,-0.04,15.67,1.32,-0.35,-27.58,1.97,-2.23,5.47,-9.87,RCE20ZDCO26R,,-,GP,https://cloud.rapsodo.com/v2/shotVideo/47b0d67d-b153-47d7-9840-b2cec4d81082.mp4,1581242@1782013629,RCE20ZDCO26R,-,-,untitled,-
nakao takuto,Sun Jun 21 2026 3:47:32 AM,1782013652,Slider,99.23,1883.94,67.96,4:48,-33.7,28,0.98,5.43,1.16,0,-47.19,1.6704445,-0.02,15.67,1.26,-0.52,-27.22,2.14,-1.29,5.39,-11.66,RCE20ZDCO26R,,-,GP,https://cloud.rapsodo.com/v2/shotVideo/0afa3597-a620-41cd-8e0b-cb5cc9ae0f74.mp4,1581242@1782013652,RCE20ZDCO26R,-,-,untitled,-
nakao takuto,Sun Jun 21 2026 3:47:54 AM,1782013674,Slider,99.22,1786.94,53.87,4:54,-27.3,44.5,1.48,6.12,1.19,0.03,-57.41,1.5377426,-0.06,15.67,1.31,-0.8,-27.14,2.44,-1.99,5.72,-11.13,RCE20ZDCO26R,,-,GP,https://cloud.rapsodo.com/v2/shotVideo/d9357d9f-4409-41ff-9db9-d20c8d339e58.mp4,1581242@1782013674,RCE20ZDCO26R,-,-,untitled,-
nakao takuto,Sun Jun 21 2026 3:48:20 AM,1782013700,ChangeUp,106.37,1177.63,78.18,9:38,11.7,-20.7,3.38,2.37,1.18,0.02,-38.58,0,-0.11,15.67,1.23,-1.67,-29.25,0.77,1.43,4.36,-8.92,RCE20ZDCO26R,,-,GP,https://cloud.rapsodo.com/v2/shotVideo/df8e58ee-f04e-4f2d-b1c0-e52f13f2e17f.mp4,1581242@1782013700,RCE20ZDCO26R,-,-,untitled,-
nakao takuto,Sun Jun 21 2026 3:49:51 AM,1782013791,ChangeUp,107.04,1116.48,85.12,10:12,22.6,-54.1,3.31,1.99,1.15,-0.01,-31.66,0,-0.01,15.67,1.16,-1.66,-29.58,0.88,3.81,6.28,-11.23,RCE20ZDCO26R,,-,GP,https://cloud.rapsodo.com/v2/shotVideo/6868cc18-a1c3-4952-8288-7b7c6c9220c9.mp4,1581242@1782013791,RCE20ZDCO26R,-,-,untitled,-
shimizushinntaro,Sun Jun 21 2026 4:11:37 AM,1782015097,Fastball,134.28,2064.39,98.55,1:06,46.6,12.7,-3.04,-2.24,1.66,0.36,-9.78,1.7507458,-0.31,15.67,1.62,1.93,-37.03,-1.54,-1.6,6.91,-2.94,RCE20ZDCO26R,,-,GP,https://cloud.rapsodo.com/v2/shotVideo/385958e6-770a-45bb-8280-465ed79576cb.mp4,1200388@1782015097,RCE20ZDCO26R,-,-,untitled,-
shimizushinntaro,Sun Jun 21 2026 4:12:19 AM,1782015139,Fastball,134.62,2080.98,98.99,1:02,47.5,12.5,-2.59,-2.47,1.65,0.34,-8.17,1.9181023,-0.3,15.67,1.61,1.65,-37.19,-1.69,-1.53,5.91,-3.78,RCE20ZDCO26R,,-,GP,https://cloud.rapsodo.com/v2/shotVideo/3966415e-9b58-4fad-80e6-292c0fefbb05.mp4,1200388@1782015139,RCE20ZDCO26R,-,-,untitled,-
shimizushinntaro,Sun Jun 21 2026 4:12:44 AM,1782015164,Fastball,134.6,2149.19,98.98,1:10,46.5,42.3,-2.67,-1.75,1.64,0.35,8.2,1.6880665,-0.31,15.67,1.6,1.61,-37.11,-1.28,-4.39,7.58,-4.66,RCE20ZDCO26R,,-,GP,https://cloud.rapsodo.com/v2/shotVideo/e6cf96ab-a041-47a1-bf26-bed87ad1f3ff.mp4,1200388@1782015164,RCE20ZDCO26R,-,-,untitled,-
shimizushinntaro,Sun Jun 21 2026 4:13:09 AM,1782015189,CurveBall,100.06,2353.98,82.44,6:48,-46.6,-21.1,-1.07,2.63,1.74,0.35,34.47,0,-0.35,15.67,1.74,0.52,-27.76,1.28,1.18,4.56,-12.34,RCE20ZDCO26R,,-,GP,https://cloud.rapsodo.com/v2/shotVideo/61e5637c-87cc-4f46-b7cf-2af1bfe73171.mp4,1200388@1782015189,RCE20ZDCO26R,-,-,untitled,-
shimizushinntaro,Sun Jun 21 2026 4:13:27 AM,1782015207,Fastball,131.52,2088.71,98.11,1:02,46.9,40.7,-2.8,-0.99,1.65,0.35,-11.14,1.9202137,-0.31,15.67,1.64,1.69,-36.36,-0.75,-4.19,5.32,-5,RCE20ZDCO26R,,-,GP,https://cloud.rapsodo.com/v2/shotVideo/6262ddc5-4f99-4cbf-a7d0-1e1a5a6d908f.mp4,1200388@1782015207,RCE20ZDCO26R,-,-,untitled,-
shimizushinntaro,Sun Jun 21 2026 4:13:49 AM,1782015229,Splitter,120.54,943.67,99.63,1:34,26.4,18.9,-2.51,-1.24,1.65,0.35,4.93,1.9251404,-0.32,15.67,1.63,1.42,-33.3,-0.91,-1.75,5.55,-7.25,RCE20ZDCO26R,,-,GP,https://cloud.rapsodo.com/v2/shotVideo/3d8ea78a-37ac-49a8-97a8-5a50846e0ec2.mp4,1200388@1782015229,RCE20ZDCO26R,-,-,untitled,-
shimizushinntaro,Sun Jun 21 2026 4:14:28 AM,1782015268,Cutter,127.65,1988.07,92.06,12:50,46.9,21.7,-2.61,-2.19,1.66,0.41,22.99,1.7641487,-0.37,15.67,1.62,1.55,-35.2,-1.52,-2.2,7.02,-5.64,RCE20ZDCO26R,,-,GP,https://cloud.rapsodo.com/v2/shotVideo/679f14f4-5437-43e8-994c-e1ec7b9502f7.mp4,1200388@1782015268,RCE20ZDCO26R,-,-,untitled,-
shimizushinntaro,Sun Jun 21 2026 4:14:53 AM,1782015293,Slider,117.67,2263.18,9.79,9:08,0.8,-12.3,-2.92,0.4,1.58,0.45,84.38,1.9809742,-0.41,15.67,1.58,1.69,-32.63,-0.04,0.98,0.65,-11.05,RCE20ZDCO26R,,-,GP,https://cloud.rapsodo.com/v2/shotVideo/91fa4316-8cae-4640-9ee3-26b93271148f.mp4,1200388@1782015293,RCE20ZDCO26R,-,-,untitled,-
shimizushinntaro,Sun Jun 21 2026 4:15:14 AM,1782015314,Slider,116.76,2349.15,18.32,7:08,-8.9,-14.9,-2.53,0.51,1.62,0.46,79.44,1.9661961,-0.42,15.67,1.62,1.45,-32.28,0.02,0.92,4.77,-10.74,RCE20ZDCO26R,,-,GP,https://cloud.rapsodo.com/v2/shotVideo/ed5e2edd-d41f-47fc-a70d-fec3ae52163d.mp4,1200388@1782015314,RCE20ZDCO26R,-,-,untitled,-
shimizushinntaro,Sun Jun 21 2026 4:15:44 AM,1782015344,Quick Fastball,133.19,2077.72,99.46,12:50,49.4,4.8,-2.96,-1.12,1.61,0.36,-5.96,2.0260754,-0.32,15.67,1.6,1.89,-36.77,-0.81,-0.91,8.62,-4.2,RCE20ZDCO26R,,-,GP,https://cloud.rapsodo.com/v2/shotVideo/f7216318-3d0e-47ec-bdbf-71f4bcad6f55.mp4,1200388@1782015344,RCE20ZDCO26R,-,-,untitled,-
shimizushinntaro,Sun Jun 21 2026 4:16:05 AM,1782015365,Slider,118.45,2249.53,12.95,10:38,6.4,-4.1,-3.54,-0.44,1.6,0.48,82.56,1.6869526,-0.41,15.67,1.59,2.03,-32.67,-0.52,-0.01,5.18,-8.15,RCE20ZDCO26R,,-,GP,https://cloud.rapsodo.com/v2/shotVideo/308612cb-9edf-47fc-be89-f9548bbbb091.mp4,1200388@1782015365,RCE20ZDCO26R,-,-,untitled,-
takayama yota,Sun Jun 21 2026 4:28:23 AM,1782016103,Fastball,124.23,1979.02,93.81,1:10,44.4,41.3,-3.96,-0.39,1.49,0.74,20.26,1.6697807,-0.66,15.67,1.47,2.26,-34.22,-0.45,-3.79,6.46,-6.68,RCE20ZDCO26R,,-,GP,https://cloud.rapsodo.com/v2/shotVideo/08752a7c-c141-410e-b0b3-cdaaec6febf0.mp4,1581092@1782016103,RCE20ZDCO26R,-,-,untitled,-
takayama yota,Sun Jun 21 2026 4:28:50 AM,1782016130,Fastball,126.46,1937.88,92.52,1:14,43.9,41.1,-4.7,-0.88,1.53,0.76,22.31,1.3777885,-0.65,15.67,1.51,2.72,-34.67,-0.75,-3.93,8.45,-5.18,RCE20ZDCO26R,,-,GP,https://cloud.rapsodo.com/v2/shotVideo/ea968dad-31a4-446d-8952-af74383972b7.mp4,1581092@1782016130,RCE20ZDCO26R,-,-,untitled,-
takayama yota,Sun Jun 21 2026 4:29:12 AM,1782016152,Fastball,126.8,1949.07,92.96,1:08,43.3,37.7,-3.45,-0.27,1.52,0.71,21.63,1.5977306,-0.64,15.67,1.51,2,-34.85,-0.33,-3.59,9.33,-4.86,RCE20ZDCO26R,,-,GP,https://cloud.rapsodo.com/v2/shotVideo/fb49c23d-412d-4aa7-b21b-56fa59cbfc86.mp4,1581092@1782016152,RCE20ZDCO26R,-,-,untitled,-
takayama yota,Sun Jun 21 2026 4:29:42 AM,1782016182,Quick Fastball,122.45,1992.77,94.31,1:18,42.7,46.1,-3.28,-0.57,1.52,0.86,19.41,1.5868149,-0.8,15.67,1.5,1.81,-33.78,-0.54,-3.96,5.21,-5.64,RCE20ZDCO26R,,-,GP,https://cloud.rapsodo.com/v2/shotVideo/a6f78aac-5333-485f-8960-ffda05b7a248.mp4,1581092@1782016182,RCE20ZDCO26R,-,-,untitled,-
takayama yota,Sun Jun 21 2026 4:30:04 AM,1782016204,Quick Fastball,122.14,2048.77,94.54,1:06,47.5,51,-3.6,0.34,1.54,0.87,19.02,1.4571762,-0.79,15.67,1.55,1.96,-33.62,0.03,-4.28,6.25,-4.52,RCE20ZDCO26R,,-,GP,https://cloud.rapsodo.com/v2/shotVideo/86d6098f-7f01-4f16-b893-f50b9b0556dc.mp4,1581092@1782016204,RCE20ZDCO26R,-,-,untitled,-
takayama yota,Sun Jun 21 2026 4:30:25 AM,1782016225,Quick Fastball,122.1,2056.17,94.07,1:14,44.3,51.3,-4.11,-0.14,1.52,0.83,19.83,1.6885643,-0.76,15.67,1.51,2.29,-33.64,-0.28,-4.47,5.8,-6.19,RCE20ZDCO26R,,-,GP,https://cloud.rapsodo.com/v2/shotVideo/bf29d39a-89e5-4c0e-9c44-f17249254b42.mp4,1581092@1782016225,RCE20ZDCO26R,-,-,untitled,-
takayama yota,Sun Jun 21 2026 4:31:20 AM,1782016280,Slider,107.91,1958.64,33.36,7:46,-12.1,-11.8,-2.19,3.25,1.5,0.84,70.51,1.4136829,-0.79,15.67,1.56,1.17,-29.72,1.31,0.55,4.12,-8.66,RCE20ZDCO26R,,-,GP,https://cloud.rapsodo.com/v2/shotVideo/f6a4015a-99c6-4d46-8f3b-8befa56483a5.mp4,1581092@1782016280,RCE20ZDCO26R,-,-,untitled,-
takayama yota,Sun Jun 21 2026 4:31:44 AM,1782016304,Slider,107.46,1859.85,34.72,7:36,-13.4,-10.9,-2,3.57,1.48,0.78,69.68,1.4401798,-0.74,15.67,1.56,1.06,-29.6,1.43,0.51,4.01,-9.51,RCE20ZDCO26R,,-,GP,https://cloud.rapsodo.com/v2/shotVideo/a7f6841d-35bc-4af6-b700-af18a685f1ed.mp4,1581092@1782016304,RCE20ZDCO26R,-,-,untitled,-
takayama yota,Sun Jun 21 2026 4:32:03 AM,1782016323,CurveBall,101.63,1688.33,50.36,6:32,-28.7,-17.7,-4.32,0.67,1.5,0.68,59.76,1.6020012,-0.59,15.67,1.5,2.15,-28,-0.14,0.68,3.71,-11.32,RCE20ZDCO26R,,-,GP,https://cloud.rapsodo.com/v2/shotVideo/bbbb07d7-3eb2-4851-8ade-30382fec21d3.mp4,1581092@1782016323,RCE20ZDCO26R,-,-,untitled,-
takayama yota,Sun Jun 21 2026 4:32:29 AM,1782016349,CurveBall,97.24,1533.46,56.81,6:50,-29.8,-15.3,-1,6.3,1.52,0.72,55.38,1.4223518,-0.69,15.67,1.65,0.5,-26.57,2.45,0.6,5.4,-10.22,RCE20ZDCO26R,,-,GP,https://cloud.rapsodo.com/v2/shotVideo/259492ee-82d9-4238-9a07-ea4b901db946.mp4,1581092@1782016349,RCE20ZDCO26R,-,-,untitled,-
takayama yota,Sun Jun 21 2026 4:32:49 AM,1782016369,CurveBall,97.57,1456.15,73.49,6:46,-37.8,-18.2,-1.4,4.07,1.5,0.67,42.7,1.5439396,-0.64,15.67,1.58,0.7,-26.79,1.41,0.74,5.1,-11.21,RCE20ZDCO26R,,-,GP,https://cloud.rapsodo.com/v2/shotVideo/deb5aba8-62e3-46b0-8fd1-b45765275ed3.mp4,1581092@1782016369,RCE20ZDCO26R,-,-,untitled,-
takayama yota,Sun Jun 21 2026 4:33:16 AM,1782016396,フォーク,106.97,1200.69,96.45,1:16,37.4,36.2,-2.96,-0.42,1.5,0.76,15.31,1.6867561,-0.7,15.67,1.49,1.44,-29.49,-0.49,-2.43,5,-7.53,RCE20ZDCO26R,,-,GP,https://cloud.rapsodo.com/v2/shotVideo/29313a0b-af29-4537-9a2d-0e0529cd8e4f.mp4,1581092@1782016396,RCE20ZDCO26R,-,-,untitled,-
takayama yota,Sun Jun 21 2026 4:33:41 AM,1782016421,フォーク,107.19,1223.13,95.29,1:12,34.8,45.1,-1.96,1.39,1.52,0.69,17.66,0,-0.65,15.67,1.55,0.88,-29.5,0.38,-2.74,4.88,-6.75,RCE20ZDCO26R,,-,GP,https://cloud.rapsodo.com/v2/shotVideo/30bebeb8-0b2e-4ae2-a2da-1d55fdda26ec.mp4,1581092@1782016421,RCE20ZDCO26R,-,-,untitled,-
takayama yota,Sun Jun 21 2026 4:34:04 AM,1782016444,フォーク,106.27,968.4,90.72,1:14,31.3,23,-4.09,0.12,1.49,0.73,24.88,1.7805977,-0.67,15.67,1.49,2.05,-29.31,-0.2,-1.69,4,-7.87,RCE20ZDCO26R,,-,GP,https://cloud.rapsodo.com/v2/shotVideo/2cdcbf0f-7db0-4351-aadb-370fbcd69395.mp4,1581092@1782016444,RCE20ZDCO26R,-,-,untitled,-
Fukumoto Souma,Sun Jun 21 2026 4:50:31 AM,1782017431,Fastball,116.44,1735.27,97.21,1:32,37,46.1,-3.26,1.73,1.56,0.46,-13.57,1.8648224,-0.41,15.67,1.58,1.74,-32.14,0.8,-3.68,5.01,-6.09,RCE20ZDCO26R,,-,GP,https://cloud.rapsodo.com/v2/shotVideo/30bd0d37-c37a-4ff0-9ba1-3e3922153621.mp4,1463242@1782017431,RCE20ZDCO26R,-,-,untitled,-
Fukumoto Souma,Sun Jun 21 2026 4:50:47 AM,1782017447,Fastball,118.46,1765.66,98.46,1:26,39.4,44.1,-2.92,0.8,1.57,0.5,-10.08,1.7516689,-0.45,15.67,1.58,1.56,-32.69,0.26,-3.59,5.62,-6.47,RCE20ZDCO26R,,-,GP,https://cloud.rapsodo.com/v2/shotVideo/015bf846-379e-44be-8126-107e0e371c85.mp4,1463242@1782017447,RCE20ZDCO26R,-,-,untitled,-
Fukumoto Souma,Sun Jun 21 2026 4:51:05 AM,1782017465,Fastball,113.66,1720.65,97.18,1:46,31.7,45.7,-2.27,2.16,1.48,0.56,13.65,1.8765335,-0.53,15.67,1.51,1.15,-31.4,1.01,-3.4,4.55,-6.59,RCE20ZDCO26R,,-,GP,https://cloud.rapsodo.com/v2/shotVideo/07314925-ce25-48f1-bc51-d5152011ff8b.mp4,1463242@1782017465,RCE20ZDCO26R,-,-,untitled,-
Fukumoto Souma,Sun Jun 21 2026 4:51:20 AM,1782017480,Fastball,119.02,1842.18,98.79,1:20,41.8,50.7,-3.33,0.74,1.56,0.48,-8.91,1.878109,-0.43,15.67,1.57,1.81,-32.82,0.24,-4.21,6.67,-6.87,RCE20ZDCO26R,,-,GP,https://cloud.rapsodo.com/v2/shotVideo/f4310aa2-3479-4204-ac1d-d260315e9727.mp4,1463242@1782017480,RCE20ZDCO26R,-,-,untitled,-
Fukumoto Souma,Sun Jun 21 2026 4:51:45 AM,1782017505,Fastball,116.9,1768.1,99.61,1:12,44.6,43.8,-3.48,0.61,1.54,0.51,5.08,1.7941208,-0.45,15.67,1.55,1.87,-32.27,0.16,-3.53,4.52,-6.08,RCE20ZDCO26R,,-,GP,https://cloud.rapsodo.com/v2/shotVideo/ed338edb-5a25-443c-802a-70ef4e796377.mp4,1463242@1782017505,RCE20ZDCO26R,-,-,untitled,-
Fukumoto Souma,Sun Jun 21 2026 4:52:08 AM,1782017528,Quick Fastball,119.49,1699.12,99.69,1:28,36.1,34.2,-2.79,0.88,1.46,0.51,4.55,0,-0.49,15.67,1.47,1.57,-33.02,0.36,-3.06,8.14,-9.62,RCE20ZDCO26R,,-,GP,https://cloud.rapsodo.com/v2/shotVideo/0615d8ba-82e6-4dec-82b3-71aaa5b3cd8c.mp4,1463242@1782017528,RCE20ZDCO26R,-,-,untitled,-
Fukumoto Souma,Sun Jun 21 2026 4:52:38 AM,1782017558,Quick Fastball,118.14,1768.43,99.31,1:34,38.3,49.9,-3.57,-0.88,1.5,0.51,-6.74,1.6536884,-0.45,15.67,1.48,1.91,-32.55,-0.71,-4.02,5.87,-6.24,RCE20ZDCO26R,,-,GP,https://cloud.rapsodo.com/v2/shotVideo/cdbdab00-da7f-434f-9d58-d816ff40df61.mp4,1463242@1782017558,RCE20ZDCO26R,-,-,untitled,-
Fukumoto Souma,Sun Jun 21 2026 4:53:02 AM,1782017582,Quick Fastball,117.78,1794.85,98.39,1:32,38.6,51.2,-2.04,1.34,1.53,0.51,-10.29,1.7111816,-0.47,15.67,1.55,1.03,-32.55,0.61,-3.99,4.36,-5.02,RCE20ZDCO26R,,-,GP,https://cloud.rapsodo.com/v2/shotVideo/47efb10a-0b39-4f09-8ac1-c7e8b3a13f72.mp4,1463242@1782017582,RCE20ZDCO26R,-,-,untitled,-
Fukumoto Souma,Sun Jun 21 2026 4:53:23 AM,1782017603,CurveBall,92.88,1506.15,37.54,7:42,-12.7,-31.6,-0.78,4.7,1.41,0.46,67.95,2.013939,-0.45,15.67,1.47,0.39,-25.58,1.82,1.4,4.34,-10.07,RCE20ZDCO26R,,-,GP,https://cloud.rapsodo.com/v2/shotVideo/b3984b16-1894-43c3-8381-bf8a4bb1bd1c.mp4,1463242@1782017603,RCE20ZDCO26R,-,-,untitled,-
Fukumoto Souma,Sun Jun 21 2026 4:53:40 AM,1782017620,CurveBall,93.2,1683.41,47.11,7:58,-13.5,-29.3,1.25,5.58,1.48,0.53,61.9,1.7134514,-0.55,15.67,1.57,-0.5,-25.6,2.16,1.41,3.85,-8.78,RCE20ZDCO26R,,-,GP,https://cloud.rapsodo.com/v2/shotVideo/a62bd5a1-fdcf-4b34-a2fc-9b9adcaa8676.mp4,1463242@1782017620,RCE20ZDCO26R,-,-,untitled,-
Fukumoto Souma,Sun Jun 21 2026 4:54:17 AM,1782017657,CurveBall,93.94,1550.18,39.11,7:38,-14,-28.5,-1.62,4.43,1.42,0.52,66.98,2.0278816,-0.5,15.67,1.48,0.77,-25.88,1.7,1.21,4.54,-11.04,RCE20ZDCO26R,,-,GP,https://cloud.rapsodo.com/v2/shotVideo/a0faf58a-4ebe-4dd7-8795-f6874cdae65d.mp4,1463242@1782017657,RCE20ZDCO26R,-,-,untitled,-
Fukumoto Souma,Sun Jun 21 2026 4:54:44 AM,1782017684,Slider,94.62,1573.4,37.49,7:58,-10.8,-34.3,-2.01,2.49,1.35,0.48,67.98,1.8966675,-0.45,15.67,1.39,0.97,-26.11,0.79,1.51,3.98,-10.44,RCE20ZDCO26R,,-,GP,https://cloud.rapsodo.com/v2/shotVideo/765007a2-e02a-426b-9f17-2c25e9283772.mp4,1463242@1782017684,RCE20ZDCO26R,-,-,untitled,-
Fukumoto Souma,Sun Jun 21 2026 4:55:16 AM,1782017716,Slider,96.8,1695.67,47.86,8:10,-11,-41.8,0.1,3.08,1.38,0.59,61.41,1.8241634,-0.59,15.67,1.43,0.02,-26.65,1.09,2,5.68,-10.07,RCE20ZDCO26R,,-,GP,https://cloud.rapsodo.com/v2/shotVideo/539a3bf2-3c30-49a9-9121-2e5848749749.mp4,1463242@1782017716,RCE20ZDCO26R,-,-,untitled,-
Fukumoto Souma,Sun Jun 21 2026 4:55:36 AM,1782017736,Slider,95.86,1678.53,49.75,8:08,-11.8,-40.7,-0.12,3.9,1.4,0.54,60.16,1.883276,-0.54,15.67,1.45,0.12,-26.38,1.49,1.9,5.66,-9.64,RCE20ZDCO26R,,-,GP,https://cloud.rapsodo.com/v2/shotVideo/c687112b-1b73-47de-b94e-ea31ab762496.mp4,1463242@1782017736,RCE20ZDCO26R,-,-,untitled,-
Fukumoto Souma,Sun Jun 21 2026 4:56:03 AM,1782017763,フォーク,98.26,517.38,94.7,2:48,2.8,29.7,-2.84,2.37,1.48,0.54,18.74,1.9552174,-0.5,15.67,1.51,1.3,-27.07,0.88,-1.77,5.54,-8.43,RCE20ZDCO26R,,-,GP,https://cloud.rapsodo.com/v2/shotVideo/435ba316-4001-44e2-89a1-eb554601bb56.mp4,1463242@1782017763,RCE20ZDCO26R,-,-,untitled,-
Fukumoto Souma,Sun Jun 21 2026 4:56:23 AM,1782017783,フォーク,99.37,607.53,55.75,2:34,4,19.6,-3.95,2.67,1.5,0.53,56.12,1.7045612,-0.45,15.67,1.54,1.85,-27.32,0.92,-1.33,4.83,-9.43,RCE20ZDCO26R,,-,GP,https://cloud.rapsodo.com/v2/shotVideo/c089b215-6980-4203-ba72-f61c1c511f1d.mp4,1463242@1782017783,RCE20ZDCO26R,-,-,untitled,-
Fukumoto Souma,Sun Jun 21 2026 4:56:40 AM,1782017800,フォーク,98.26,528.66,57.5,2:36,3.6,12.4,-3.24,2.33,1.5,0.5,54.9,1.9885693,-0.46,15.67,1.53,1.51,-27.09,0.83,-0.91,4.89,-9.85,RCE20ZDCO26R,,-,GP,https://cloud.rapsodo.com/v2/shotVideo/4ce67603-da87-4410-b069-f2b275888eb4.mp4,1463242@1782017800,RCE20ZDCO26R,-,-,untitled,-
Kaizu Yuya,Sun Jun 21 2026 5:34:46 AM,1782020086,Fastball,114.69,1853.68,95.7,12:28,54.7,5.8,-1.87,-2.34,1.67,0.47,-16.86,1.6882343,-0.44,15.67,1.62,1.02,-31.63,-1.51,-0.59,5.41,-6.11,RCE20ZDCO26R,,-,GP,https://cloud.rapsodo.com/v2/shotVideo/d523fdf8-3c30-4697-9d20-8bac7a0fcb23.mp4,1463245@1782020086,RCE20ZDCO26R,-,-,untitled,-
Kaizu Yuya,Sun Jun 21 2026 5:35:14 AM,1782020114,Fastball,114.86,1849.45,99.51,12:36,53.9,10.8,-2.64,-0.57,1.71,0.5,-5.68,1.8024998,-0.46,15.67,1.69,1.44,-31.69,-0.51,-1.03,5.83,-6.13,RCE20ZDCO26R,,-,GP,https://cloud.rapsodo.com/v2/shotVideo/5711eb24-adfe-4e4e-93d5-b4dcc48f5dc7.mp4,1463245@1782020114,RCE20ZDCO26R,-,-,untitled,-
Kaizu Yuya,Sun Jun 21 2026 5:35:32 AM,1782020132,Fastball,113.4,1840.76,99.24,12:30,52.3,11.3,-1.43,-1.16,1.66,0.44,-7.05,0,-0.44,15.67,1.67,0.79,-31.52,-0.59,-1.05,5.16,-5.85,RCE20ZDCO26R,,-,GP,https://cloud.rapsodo.com/v2/shotVideo/159ee332-cd0e-4314-bf79-a11190ebd810.mp4,1463245@1782020132,RCE20ZDCO26R,-,-,untitled,-
Kaizu Yuya,Sun Jun 21 2026 5:35:48 AM,1782020148,Fastball,114.77,1791.22,98.73,12:32,54.1,14.4,-1.46,0.43,1.69,0.5,-9.13,1.6471062,-0.47,15.67,1.69,0.77,-31.67,0.03,-1.14,5.68,-6.02,RCE20ZDCO26R,,-,GP,https://cloud.rapsodo.com/v2/shotVideo/3f3fe9e7-f7d9-4703-b274-e60a47fa6221.mp4,1463245@1782020148,RCE20ZDCO26R,-,-,untitled,-
Kaizu Yuya,Sun Jun 21 2026 5:36:07 AM,1782020167,Fastball,113.66,1871.54,99.64,12:30,52.5,19.8,-2.72,-1.46,1.68,0.4,-4.86,0,-0.4,15.67,1.68,1.51,-31.55,-0.78,-1.85,5.49,-4.91,RCE20ZDCO26R,,-,GP,https://cloud.rapsodo.com/v2/shotVideo/7ead773c-f2fb-43f9-9569-72580c77ad3e.mp4,1463245@1782020167,RCE20ZDCO26R,-,-,untitled,-
Kaizu Yuya,Sun Jun 21 2026 5:36:30 AM,1782020190,Quick Fastball,114.38,1818.11,97.45,12:24,52.9,8.9,-0.86,0.25,1.69,0.53,-12.96,1.9666805,-0.52,15.67,1.69,0.46,-31.61,-0.06,-0.72,6.36,-7.79,RCE20ZDCO26R,,-,GP,https://cloud.rapsodo.com/v2/shotVideo/f1b5f842-0a35-4701-99c4-8be4b69b340d.mp4,1463245@1782020190,RCE20ZDCO26R,-,-,untitled,-
Kaizu Yuya,Sun Jun 21 2026 5:36:53 AM,1782020213,Quick Fastball,110.88,1861.95,99.73,12:32,52.6,29.5,-3.29,-1.44,1.71,0.48,-4.19,0,-0.46,15.67,1.7,1.74,-30.69,-0.83,-2.42,5.11,-5.49,RCE20ZDCO26R,,-,GP,https://cloud.rapsodo.com/v2/shotVideo/aa576304-569e-4ae9-82cc-bd55fabc8ee3.mp4,1463245@1782020213,RCE20ZDCO26R,-,-,untitled,-
Kaizu Yuya,Sun Jun 21 2026 5:37:14 AM,1782020234,Quick Fastball,112.93,1750.86,99.92,12:36,56.6,27.3,-2,-1.12,1.73,0.56,-2.32,1.3808784,-0.51,15.67,1.69,1.01,-31.11,-0.83,-1.95,5.24,-4.94,RCE20ZDCO26R,,-,GP,https://cloud.rapsodo.com/v2/shotVideo/3be08088-eb55-457a-b9c4-82b60d407a0e.mp4,1463245@1782020234,RCE20ZDCO26R,-,-,untitled,-
Kaizu Yuya,Sun Jun 21 2026 5:37:39 AM,1782020259,CurveBall,93.44,1412.48,64.42,6:20,-33.6,24.4,-5.11,0.55,1.68,0.51,49.9,0,-0.56,15.67,1.67,2.35,-25.95,0.5,-1.78,4.51,-11.33,RCE20ZDCO26R,,-,GP,https://cloud.rapsodo.com/v2/shotVideo/0d05f1e2-6bb5-429a-93f6-8181f2e51a76.mp4,1463245@1782020259,RCE20ZDCO26R,-,-,untitled,-
Kaizu Yuya,Sun Jun 21 2026 5:38:15 AM,1782020295,CurveBall,96.04,1469.4,91.1,4:28,-36.9,-1.6,-2.25,4.84,1.66,0.56,-24.36,1.7832222,-0.52,15.67,1.74,1.04,-26.38,1.81,-0.12,4.89,-11.84,RCE20ZDCO26R,,-,GP,https://cloud.rapsodo.com/v2/shotVideo/d26a1ad1-94ce-426c-ae98-df372128e3a8.mp4,1463245@1782020295,RCE20ZDCO26R,-,-,untitled,-
Kaizu Yuya,Sun Jun 21 2026 5:38:58 AM,1782020338,CurveBall,90.76,1260.68,66.58,6:16,-32.9,-12,-0.83,6.47,1.72,0.53,48.26,0,-0.52,15.67,1.79,0.37,-24.93,2.55,0.46,4.71,-11.66,RCE20ZDCO26R,,-,GP,https://cloud.rapsodo.com/v2/shotVideo/146e3cdf-4b51-429b-91ec-66cb4fde5950.mp4,1463245@1782020338,RCE20ZDCO26R,-,-,untitled,-
Kaizu Yuya,Sun Jun 21 2026 5:39:25 AM,1782020365,フォーク,101.22,617.84,53.05,3:44,-6.3,-4.9,-2.66,1.32,1.74,0.45,57.96,0,-0.43,15.67,1.75,1.31,-28,0.46,0.1,4.02,-10.28,RCE20ZDCO26R,,-,GP,https://cloud.rapsodo.com/v2/shotVideo/ae11747b-03bb-4973-922e-49240f8cf593.mp4,1463245@1782020365,RCE20ZDCO26R,-,-,untitled,-
Kaizu Yuya,Sun Jun 21 2026 5:39:50 AM,1782020390,フォーク,101.37,534.54,69.2,3:08,-1.5,22.5,-2.84,4.05,1.67,0.49,46.21,1.7825375,-0.44,15.67,1.73,1.34,-27.88,1.62,-1.45,4.85,-10.4,RCE20ZDCO26R,,-,GP,https://cloud.rapsodo.com/v2/shotVideo/9230c169-83f8-4fa4-8f55-66d8787aa803.mp4,1463245@1782020390,RCE20ZDCO26R,-,-,untitled,-
Kaizu Yuya,Sun Jun 21 2026 5:40:10 AM,1782020410,フォーク,99.33,431.83,59.19,2:08,9.3,-10.4,-2.58,2.55,1.68,0.55,53.71,1.7259865,-0.5,15.67,1.72,1.25,-27.34,0.89,0.3,5.09,-8.99,RCE20ZDCO26R,,-,GP,https://cloud.rapsodo.com/v2/shotVideo/18d97c9f-4db0-4f92-aa90-164936ba2f2e.mp4,1463245@1782020410,RCE20ZDCO26R,-,-,untitled,-
matsumoto haruomi,Sun Jun 21 2026 6:22:47 AM,1782022967,Fastball,122.51,1962.87,90.91,12:48,48.5,37.8,-3.62,-1.33,1.73,0.37,24.63,1.5971355,-0.3,15.67,1.7,2.03,-33.74,-0.98,-3.36,6.3,-5.55,RCE20ZDCO26R,,-,GP,https://cloud.rapsodo.com/v2/shotVideo/d7df5967-e1ba-4328-b387-45f38f6330e8.mp4,1453384@1782022967,RCE20ZDCO26R,-,-,untitled,-
matsumoto haruomi,Sun Jun 21 2026 6:23:08 AM,1782022988,Fastball,121.76,1966.02,91.47,12:56,46.8,42.1,-2.68,-1.15,1.71,0.4,23.84,1.6796227,-0.35,15.67,1.68,1.46,-33.55,-0.84,-3.57,6.95,-5.01,RCE20ZDCO26R,,-,GP,https://cloud.rapsodo.com/v2/shotVideo/617160ba-34d2-4d89-b25f-8782b20b42f0.mp4,1453384@1782022988,RCE20ZDCO26R,-,-,untitled,-
matsumoto haruomi,Sun Jun 21 2026 6:23:27 AM,1782023007,Fastball,121.63,2040.5,89.38,12:54,46.1,24.3,-1.75,1.35,1.71,0.39,26.64,1.7180061,-0.36,15.67,1.74,0.97,-33.55,0.64,-2.08,6.74,-5.11,RCE20ZDCO26R,,-,GP,https://cloud.rapsodo.com/v2/shotVideo/78e605d4-0bd8-4d25-9814-995bb94b6b53.mp4,1453384@1782023007,RCE20ZDCO26R,-,-,untitled,-
matsumoto haruomi,Sun Jun 21 2026 6:23:44 AM,1782023024,Fastball,118.63,1958.53,86.44,12:50,42.1,20.6,-1.01,-1.16,1.64,0.36,30.19,0,-0.39,15.67,1.66,0.7,-33.26,-0.27,-2.34,6.34,-8.04,RCE20ZDCO26R,,-,GP,https://cloud.rapsodo.com/v2/shotVideo/7ba3d4cd-e24e-42e6-b509-6fd8c27da868.mp4,1453384@1782023024,RCE20ZDCO26R,-,-,untitled,-
matsumoto haruomi,Sun Jun 21 2026 6:24:02 AM,1782023042,Fastball,120.41,2066.99,89.09,12:44,48.9,25.7,-2.31,-1.47,1.71,0.36,27.01,1.7194405,-0.32,15.67,1.68,1.28,-33.21,-0.99,-2.22,6.27,-4.28,RCE20ZDCO26R,,-,GP,https://cloud.rapsodo.com/v2/shotVideo/44c23bed-0e22-4487-b25d-d0e032c6091c.mp4,1453384@1782023042,RCE20ZDCO26R,-,-,untitled,-
matsumoto haruomi,Sun Jun 21 2026 6:24:24 AM,1782023064,Quick Fastball,122.12,2023.07,90.58,12:38,48.2,14.6,-0.54,2.54,1.66,0.34,25.07,1.893446,-0.34,15.67,1.7,0.29,-33.7,1.36,-1.22,7.11,-5.44,RCE20ZDCO26R,,-,GP,https://cloud.rapsodo.com/v2/shotVideo/33a9b8aa-b8c4-4152-bd70-8c5f64e01a13.mp4,1453384@1782023064,RCE20ZDCO26R,-,-,untitled,-
matsumoto haruomi,Sun Jun 21 2026 6:24:47 AM,1782023087,Quick Fastball,120.1,1980.63,89.06,12:46,46.8,21.1,-2.92,0.85,1.66,0.31,27.06,1.8053474,-0.26,15.67,1.67,1.64,-33.13,0.33,-1.94,6.4,-5.81,RCE20ZDCO26R,,-,GP,https://cloud.rapsodo.com/v2/shotVideo/85f714f1-4042-4df6-afb9-1ee08c4da76a.mp4,1453384@1782023087,RCE20ZDCO26R,-,-,untitled,-
matsumoto haruomi,Sun Jun 21 2026 6:25:06 AM,1782023106,Quick Fastball,121.86,1959.62,90.97,12:48,44,29,-2.31,0.5,1.67,0.42,24.54,0,-0.34,15.67,1.68,1.21,-33.42,0.01,-2.21,6.06,-4.23,RCE20ZDCO26R,,-,GP,https://cloud.rapsodo.com/v2/shotVideo/4b0f48b7-2832-4e1b-8d80-9e16fd4a953e.mp4,1453384@1782023106,RCE20ZDCO26R,-,-,untitled,-
matsumoto haruomi,Sun Jun 21 2026 6:25:31 AM,1782023131,CurveBall,95.57,2019.54,72.17,6:50,-38.4,-56.6,-1.65,4.26,1.63,0.4,43.8,0,-0.35,15.67,1.72,0.89,-26.17,1.36,2.31,5.43,-11.17,RCE20ZDCO26R,,-,GP,https://cloud.rapsodo.com/v2/shotVideo/ef13384c-b100-45f1-bd02-9ca97c2586bb.mp4,1453384@1782023131,RCE20ZDCO26R,-,-,untitled,-
matsumoto haruomi,Sun Jun 21 2026 6:27:23 AM,1782023243,CurveBall,94.03,2026.21,69.74,8:18,-14.3,-38,-1.5,3.9,1.76,0.42,45.79,0,-0.43,15.67,1.72,0.64,-26.15,2.03,1.98,5.06,-12.29,RCE20ZDCO26R,,-,GP,https://cloud.rapsodo.com/v2/shotVideo/869f7590-9c2c-436a-b4c3-f6c0ab4fc395.mp4,1453384@1782023243,RCE20ZDCO26R,-,-,untitled,-
matsumoto haruomi,Sun Jun 21 2026 6:27:38 AM,1782023258,CurveBall,90.67,1693.99,83.83,5:46,-49.4,-42,0.18,4.68,1.64,0.39,33.04,1.9553356,-0.39,15.67,1.7,-0.02,-24.97,1.71,1.85,3.98,-10.7,RCE20ZDCO26R,,-,GP,https://cloud.rapsodo.com/v2/shotVideo/99b61929-0b7f-43bf-b15e-e0b32a2eb014.mp4,1453384@1782023258,RCE20ZDCO26R,-,-,untitled,-
matsumoto haruomi,Sun Jun 21 2026 6:28:01 AM,1782023281,Slider,99.99,1953.34,62.97,8:04,-17.5,-42.1,-1.56,4.24,1.54,0.49,50.98,1.8579998,-0.47,15.67,1.6,0.82,-27.49,1.69,1.98,6.08,-11.19,RCE20ZDCO26R,,-,GP,https://cloud.rapsodo.com/v2/shotVideo/28e9b8ff-085e-43a3-9ca3-c4886f309b7f.mp4,1453384@1782023281,RCE20ZDCO26R,-,-,untitled,-
matsumoto haruomi,Sun Jun 21 2026 6:28:17 AM,1782023297,Slider,98.15,1916.98,61.4,7:52,-20.1,-54,-0.22,5.21,1.61,0.46,52.12,1.8282928,-0.45,15.67,1.69,0.19,-26.95,2.15,2.63,5.71,-9.51,RCE20ZDCO26R,,-,GP,https://cloud.rapsodo.com/v2/shotVideo/02b01e2b-dc81-4870-aebd-a109f3d12dd9.mp4,1453384@1782023297,RCE20ZDCO26R,-,-,untitled,-
matsumoto haruomi,Sun Jun 21 2026 6:28:33 AM,1782023313,Slider,98.46,2071.01,64.26,8:06,-18,-39.8,-0.23,5.81,1.63,0.47,50.01,1.6466236,-0.47,15.67,1.74,0.19,-26.97,2.37,1.9,5.65,-9.6,RCE20ZDCO26R,,-,GP,https://cloud.rapsodo.com/v2/shotVideo/1e6cb4f6-47f8-42d1-a169-41c761afbb21.mp4,1453384@1782023313,RCE20ZDCO26R,-,-,untitled,-
matsumoto haruomi,Sun Jun 21 2026 6:29:01 AM,1782023341,ChangeUp,106.93,1363.65,95.61,1:54,26.6,43.8,-2.13,2.11,1.58,0.39,-17.03,1.8924084,-0.36,15.67,1.61,1.02,-29.51,0.86,-2.87,5.32,-7.82,RCE20ZDCO26R,,-,GP,https://cloud.rapsodo.com/v2/shotVideo/f9b740d5-bda4-489d-a9ce-5edbddc3bc72.mp4,1453384@1782023341,RCE20ZDCO26R,-,-,untitled,-
matsumoto haruomi,Sun Jun 21 2026 6:29:18 AM,1782023358,ChangeUp,103,1304.78,99.33,1:32,35.9,29,-3.47,0.15,1.57,0.44,6.62,1.6924591,-0.37,15.67,1.57,1.66,-28.41,-0.19,-1.88,4.01,-7.05,RCE20ZDCO26R,,-,GP,https://cloud.rapsodo.com/v2/shotVideo/217b76b6-760f-486a-a4d7-fb08df0d7486.mp4,1453384@1782023358,RCE20ZDCO26R,-,-,untitled,-
matsumoto haruomi,Sun Jun 21 2026 6:29:42 AM,1782023382,ChangeUp,97.62,1093.82,98.83,1:54,23.9,42.1,-4.05,4.48,1.59,0.37,8.78,0,-0.36,15.67,1.61,1.89,-26.92,2.05,-2.66,6.23,-9.77,RCE20ZDCO26R,,-,GP,https://cloud.rapsodo.com/v2/shotVideo/902ed2ad-113b-4583-8464-5754a0a7a7b1.mp4,1453384@1782023382,RCE20ZDCO26R,-,-,untitled,-
matsumoto haruomi,Sun Jun 21 2026 6:30:00 AM,1782023400,TwoSeamFastball,114.85,1754.57,99.39,1:30,37.1,39.8,-1.69,-0.55,1.61,0.36,-6.33,0,-0.4,15.67,1.61,1.09,-32.06,-0.08,-3.99,4.58,-5.79,RCE20ZDCO26R,,-,GP,https://cloud.rapsodo.com/v2/shotVideo/8f2b9e59-30e5-40e3-8f78-2b01c6c7904a.mp4,1453384@1782023400,RCE20ZDCO26R,-,-,untitled,-
matsumoto haruomi,Sun Jun 21 2026 6:30:15 AM,1782023415,TwoSeamFastball,115.18,1743.9,98.41,1:28,40,47.3,-4.39,1.2,1.58,0.43,-10.23,1.6676483,-0.35,15.67,1.6,2.32,-31.69,0.41,-3.73,6.02,-7.63,RCE20ZDCO26R,,-,GP,https://cloud.rapsodo.com/v2/shotVideo/1fd4cc85-c7ff-4016-b2af-9f99a44e13d4.mp4,1453384@1782023415,RCE20ZDCO26R,-,-,untitled,-
matsumoto haruomi,Sun Jun 21 2026 6:30:32 AM,1782023432,TwoSeamFastball,110.23,1486.48,99.94,1:50,29.5,49.3,-3.69,2.31,1.62,0.47,-1.93,1.9063683,-0.42,15.67,1.65,1.87,-30.4,1,-3.56,4.79,-8.06,RCE20ZDCO26R,,-,GP,https://cloud.rapsodo.com/v2/shotVideo/28c7f927-b7fa-4c3a-9822-9e6f06eca07b.mp4,1453384@1782023432,RCE20ZDCO26R,-,-,untitled,-
matsumoto haruomi,Sun Jun 21 2026 6:31:02 AM,1782023462,フォーク,106.65,817.5,85.18,1:36,21.1,16.7,-4.81,0.45,1.62,0.19,31.59,0,-0.29,15.67,1.61,2.55,-29.68,0.51,-1.73,4.26,-7.23,RCE20ZDCO26R,,-,GP,https://cloud.rapsodo.com/v2/shotVideo/c6618cb9-63e6-4dc4-8ebd-1e3dbc064789.mp4,1453384@1782023462,RCE20ZDCO26R,-,-,untitled,-
matsumoto haruomi,Sun Jun 21 2026 6:31:23 AM,1782023483,フォーク,107.74,708.09,74.42,2:06,10.9,23.2,-2.52,3.23,1.64,0.39,41.91,0,-0.37,15.67,1.67,1.29,-29.76,1.54,-1.75,5.64,-8.73,RCE20ZDCO26R,,-,GP,https://cloud.rapsodo.com/v2/shotVideo/82cceb1a-de52-46de-89d9-069d035daafc.mp4,1453384@1782023483,RCE20ZDCO26R,-,-,untitled,-
matsumoto haruomi,Sun Jun 21 2026 6:31:41 AM,1782023501,フォーク,105.09,1342.01,93.76,10:38,35.8,24.3,-2.87,4.23,1.59,0.35,-20.35,1.8041611,-0.3,15.67,1.65,1.41,-28.93,1.87,-1.65,4.43,-8.56,RCE20ZDCO26R,,-,GP,https://cloud.rapsodo.com/v2/shotVideo/100af935-dc61-4f26-9848-bd0051334e6c.mp4,1453384@1782023501,RCE20ZDCO26R,-,-,untitled,-
miyako seita,Sun Jun 21 2026 6:50:50 AM,1782024650,Fastball,124.67,2168.2,66.07,1:02,33.1,8.6,-3.74,1.99,1.15,0.73,48.65,0,-0.73,15.67,1.16,2.25,-34.51,1.17,-1.29,7.65,-11.78,RCE20ZDCO26R,,-,GP,https://cloud.rapsodo.com/v2/shotVideo/3afc953f-c0cf-4069-af10-b95798e73124.mp4,1200390@1782024650,RCE20ZDCO26R,-,-,untitled,-
miyako seita,Sun Jun 21 2026 6:51:18 AM,1782024678,Fastball,124.93,2185.07,75.21,1:02,37.9,19.6,-4.16,1.31,1.34,0.7,41.23,1.7588978,-0.63,15.67,1.36,2.46,-34.45,0.68,-2.02,5.1,-3.89,RCE20ZDCO26R,,-,GP,https://cloud.rapsodo.com/v2/shotVideo/04bfd17b-3bfb-47be-a913-632e475e090b.mp4,1200390@1782024678,RCE20ZDCO26R,-,-,untitled,-
miyako seita,Sun Jun 21 2026 6:51:46 AM,1782024706,Fastball,126.62,2229.31,78.06,1:06,37.9,17,-3.17,1.64,1.19,0.7,38.68,0,-0.7,15.67,1.19,1.94,-35.09,0.98,-2.06,8.28,-12.56,RCE20ZDCO26R,,-,GP,https://cloud.rapsodo.com/v2/shotVideo/b9baf5a0-a3e7-49b7-b238-280720a21e46.mp4,1200390@1782024706,RCE20ZDCO26R,-,-,untitled,-
miyako seita,Sun Jun 21 2026 6:53:05 AM,1782024785,Quick Fastball,118.19,2082.99,70.14,1:06,33.1,27.3,-1.75,1.85,1.33,0.73,45.46,1.9901142,-0.71,15.67,1.35,0.95,-32.67,0.9,-2.26,5.35,-6.73,RCE20ZDCO26R,,-,GP,https://cloud.rapsodo.com/v2/shotVideo/dbd1c0f9-dd92-47f1-bd96-658ebcd7d333.mp4,1200390@1782024785,RCE20ZDCO26R,-,-,untitled,-
miyako seita,Sun Jun 21 2026 6:53:31 AM,1782024811,Quick Fastball,121.4,515.67,86.38,12:36,22.8,35,-4.29,1.34,1.28,0.78,-30.26,1.8209724,-0.71,15.67,1.3,2.43,-33.47,0.59,-3.19,5.25,-7.08,RCE20ZDCO26R,,-,GP,https://cloud.rapsodo.com/v2/shotVideo/d90f099e-80eb-4ca5-9af2-e8a6f3d5c46d.mp4,1200390@1782024811,RCE20ZDCO26R,-,-,untitled,-
miyako seita,Sun Jun 21 2026 6:54:11 AM,1782024851,Quick Fastball,119.59,2145.97,68.66,1:08,33.7,34.4,-2.1,0.18,1.34,0.72,46.64,1.8250637,-0.69,15.67,1.34,1.13,-33.06,-0.05,-2.87,4.94,-5.23,RCE20ZDCO26R,,-,GP,https://cloud.rapsodo.com/v2/shotVideo/346f9f28-499c-41c5-a168-279d4dafbaf4.mp4,1200390@1782024851,RCE20ZDCO26R,-,-,untitled,-
miyako seita,Sun Jun 21 2026 6:54:41 AM,1782024881,CurveBall,106.74,2104.86,73.02,6:56,-39.6,-41.9,-2.98,4.83,1.26,0.79,43.09,1.7530518,-0.74,15.67,1.34,1.61,-29.31,2.08,2.17,5.62,-12.06,RCE20ZDCO26R,,-,GP,https://cloud.rapsodo.com/v2/shotVideo/f6e15380-a062-4f14-af48-29e99292de2b.mp4,1200390@1782024881,RCE20ZDCO26R,-,-,untitled,-
miyako seita,Sun Jun 21 2026 6:54:54 AM,1782024894,CurveBall,106.51,2064.31,88.72,6:58,-47.6,-51.1,-2.28,4.47,1.23,0.71,27.48,1.7293472,-0.67,15.67,1.3,1.27,-29.28,1.79,2.76,5.51,-14.73,RCE20ZDCO26R,,-,GP,https://cloud.rapsodo.com/v2/shotVideo/d30a355b-4a78-44a8-ad37-7217dc8d2f25.mp4,1200390@1782024894,RCE20ZDCO26R,-,-,untitled,-
miyako seita,Sun Jun 21 2026 6:55:15 AM,1782024915,CurveBall,105.88,2264.69,91.08,7:04,-48.5,-38.9,-1.59,5.23,1.27,0.75,24.38,1.8029327,-0.72,15.67,1.35,0.88,-29.08,2.3,2.08,5.98,-11.61,RCE20ZDCO26R,,-,GP,https://cloud.rapsodo.com/v2/shotVideo/7f096626-5500-406f-ac06-15c3156aeb93.mp4,1200390@1782024915,RCE20ZDCO26R,-,-,untitled,-
miyako seita,Sun Jun 21 2026 6:55:41 AM,1782024941,Slider,108.82,1026.89,88.08,2:32,11.5,-42.4,-4.01,4.79,1.17,0.78,28.26,1.8570232,-0.72,15.67,1.25,2.18,-29.89,2.17,2.31,5.07,-11.86,RCE20ZDCO26R,,-,GP,https://cloud.rapsodo.com/v2/shotVideo/a7f48279-b75c-4bea-9137-f00847d2d9ff.mp4,1200390@1782024941,RCE20ZDCO26R,-,-,untitled,-
miyako seita,Sun Jun 21 2026 6:57:04 AM,1782025024,Slider,110.61,1826,51.72,8:12,-11.6,-50.4,-1.66,3.67,1.12,0.87,58.86,1.873827,-0.84,15.67,1.18,0.98,-30.49,1.63,3.15,5.26,-11.48,RCE20ZDCO26R,,-,GP,https://cloud.rapsodo.com/v2/shotVideo/f61e9352-dc5b-42e5-b11a-717c44841df6.mp4,1200390@1782025024,RCE20ZDCO26R,-,-,untitled,-
miyako seita,Sun Jun 21 2026 6:57:38 AM,1782025058,ChangeUp,118.61,1241.67,99.85,2:04,22.1,44.7,-4.57,3.41,1.16,0.82,3.15,1.7186737,-0.74,15.67,1.22,2.5,-32.61,1.66,-3.76,5.31,-9.19,RCE20ZDCO26R,,-,GP,https://cloud.rapsodo.com/v2/shotVideo/dc0d0d9a-c04b-43d9-80ce-f7a21c70de37.mp4,1200390@1782025058,RCE20ZDCO26R,-,-,untitled,-
miyako seita,Sun Jun 21 2026 6:57:57 AM,1782025077,ChangeUp,115.52,1171.09,99.38,1:52,26,38.2,-4.61,1.15,1.24,0.8,6.37,1.6396027,-0.71,15.67,1.26,2.47,-31.81,0.37,-3.09,4.81,-7.56,RCE20ZDCO26R,,-,GP,https://cloud.rapsodo.com/v2/shotVideo/39ea42ec-a830-4d7b-8f97-62680d329e2b.mp4,1200390@1782025077,RCE20ZDCO26R,-,-,untitled,-
miyako seita,Sun Jun 21 2026 6:58:14 AM,1782025094,ChangeUp,115.1,1187.9,99.96,1:52,25.7,64.2,-3.6,4.06,1.23,0.87,1.64,1.8133106,-0.81,15.67,1.29,1.86,-31.7,2.01,-4.9,4.28,-8.38,RCE20ZDCO26R,,-,GP,https://cloud.rapsodo.com/v2/shotVideo/78392a39-fefa-4bf2-ace7-e9cbde18432b.mp4,1200390@1782025094,RCE20ZDCO26R,-,-,untitled,-
miyako seita,Sun Jun 21 2026 6:58:45 AM,1782025125,TwoSeamFastball,122.28,1689.89,88.8,1:42,29.1,41.5,-4.05,3.35,1.17,0.78,27.37,1.9632816,-0.72,15.67,1.21,2.3,-33.68,1.76,-3.81,6.16,-9.4,RCE20ZDCO26R,,-,GP,https://cloud.rapsodo.com/v2/shotVideo/74a3e1b0-e7a6-4b92-a6b5-fd8aecfca9da.mp4,1200390@1782025125,RCE20ZDCO26R,-,-,untitled,-
miyako seita,Sun Jun 21 2026 6:59:31 AM,1782025171,TwoSeamFastball,120.43,1628.98,90.92,1:24,35.2,38.2,-3.4,2.36,1.19,0.82,24.6,1.8425179,-0.77,15.67,1.23,1.89,-33.2,1.17,-3.32,5.97,-7.39,RCE20ZDCO26R,,-,GP,https://cloud.rapsodo.com/v2/shotVideo/38c57f76-6ce3-4b67-9cfb-0690d7a4af44.mp4,1200390@1782025171,RCE20ZDCO26R,-,-,untitled,-
miyako seita,Sun Jun 21 2026 7:00:55 AM,1782025255,Splitter,118.33,1607.46,85.25,1:34,29.3,50.8,-2.82,3.47,1.19,0.81,31.52,1.987297,-0.77,15.67,1.24,1.51,-32.65,1.8,-4.17,5.17,-8.07,RCE20ZDCO26R,,-,GP,https://cloud.rapsodo.com/v2/shotVideo/6e53f2b4-19df-446a-8b1a-eef74d4de5be.mp4,1200390@1782025255,RCE20ZDCO26R,-,-,untitled,-
miyako seita,Sun Jun 21 2026 7:01:34 AM,1782025294,Splitter,113.16,1438.97,75.54,1:22,27.3,14.9,-3.25,2.89,1.14,0.81,40.94,0,-0.78,15.67,1.16,1.76,-31.26,1.39,-1.35,4.62,-11.11,RCE20ZDCO26R,,-,GP,https://cloud.rapsodo.com/v2/shotVideo/58af8f39-c48b-4020-b87c-82c3c9f64755.mp4,1200390@1782025294,RCE20ZDCO26R,-,-,untitled,-